Version;Date_of_report;Date_of_statistics_week_start;Variant_code;Variant_name;ECDC_category;WHO_category;May_include_samples_listed_before;Sample_size;Variant_cases
3;2022-03-23 17:41:04;2020-11-30;B.1.351;Beta;VOC;;False;75;0
3;2022-03-23 17:41:04;2020-11-30;P.1;Gamma;VOC;;False;75;0
3;2022-03-23 17:41:04;2020-11-30;B.1.617.2;Delta;VOC;VOC;False;75;0
3;2022-03-23 17:41:04;2020-11-30;B.1.1.529;Omicron;VOC;VOC;False;75;0
3;2022-03-23 17:41:04;2020-11-30;B.1.640;;VUM;VUM;False;75;0
3;2022-03-23 17:41:04;2020-11-30;XF;;VUM;;False;75;0
3;2022-03-23 17:41:04;2020-11-30;XD;;VUM;VUM;False;75;0
3;2022-03-23 17:41:04;2020-11-30;B.1.1.7;Alpha;DEV;;False;75;1
3;2022-03-23 17:41:04;2020-11-30;B.1.621;Mu;DEV;;False;75;0
3;2022-03-23 17:41:04;2020-11-30;C.37;Lambda;DEV;;False;75;0
3;2022-03-23 17:41:04;2020-11-30;BA.1;;VOC;VOC;True;75;0
3;2022-03-23 17:41:04;2020-11-30;BA.2;;VOC;VOC;True;75;0
3;2022-03-23 17:41:04;2020-11-30;BA.3;;VOC;VOC;True;75;0
3;2022-03-23 17:41:04;2020-12-07;B.1.351;Beta;VOC;;False;127;0
3;2022-03-23 17:41:04;2020-12-07;P.1;Gamma;VOC;;False;127;0
3;2022-03-23 17:41:04;2020-12-07;B.1.617.2;Delta;VOC;VOC;False;127;0
3;2022-03-23 17:41:04;2020-12-07;B.1.1.529;Omicron;VOC;VOC;False;127;0
3;2022-03-23 17:41:04;2020-12-07;B.1.640;;VUM;VUM;False;127;0
3;2022-03-23 17:41:04;2020-12-07;XF;;VUM;;False;127;0
3;2022-03-23 17:41:04;2020-12-07;XD;;VUM;VUM;False;127;0
3;2022-03-23 17:41:04;2020-12-07;B.1.1.7;Alpha;DEV;;False;127;1
3;2022-03-23 17:41:04;2020-12-07;B.1.621;Mu;DEV;;False;127;0
3;2022-03-23 17:41:04;2020-12-07;C.37;Lambda;DEV;;False;127;0
3;2022-03-23 17:41:04;2020-12-07;BA.1;;VOC;VOC;True;127;0
3;2022-03-23 17:41:04;2020-12-07;BA.2;;VOC;VOC;True;127;0
3;2022-03-23 17:41:04;2020-12-07;BA.3;;VOC;VOC;True;127;0
3;2022-03-23 17:41:04;2020-12-14;B.1.351;Beta;VOC;;False;203;0
3;2022-03-23 17:41:04;2020-12-14;P.1;Gamma;VOC;;False;203;0
3;2022-03-23 17:41:04;2020-12-14;B.1.617.2;Delta;VOC;VOC;False;203;0
3;2022-03-23 17:41:04;2020-12-14;B.1.1.529;Omicron;VOC;VOC;False;203;0
3;2022-03-23 17:41:04;2020-12-14;B.1.640;;VUM;VUM;False;203;0
3;2022-03-23 17:41:04;2020-12-14;XF;;VUM;;False;203;0
3;2022-03-23 17:41:04;2020-12-14;XD;;VUM;VUM;False;203;0
3;2022-03-23 17:41:04;2020-12-14;B.1.1.7;Alpha;DEV;;False;203;1
3;2022-03-23 17:41:04;2020-12-14;B.1.621;Mu;DEV;;False;203;0
3;2022-03-23 17:41:04;2020-12-14;C.37;Lambda;DEV;;False;203;0
3;2022-03-23 17:41:04;2020-12-14;BA.1;;VOC;VOC;True;203;0
3;2022-03-23 17:41:04;2020-12-14;BA.2;;VOC;VOC;True;203;0
3;2022-03-23 17:41:04;2020-12-14;BA.3;;VOC;VOC;True;203;0
3;2022-03-23 17:41:04;2020-12-21;B.1.351;Beta;VOC;;False;257;1
3;2022-03-23 17:41:04;2020-12-21;P.1;Gamma;VOC;;False;257;0
3;2022-03-23 17:41:04;2020-12-21;B.1.617.2;Delta;VOC;VOC;False;257;0
3;2022-03-23 17:41:04;2020-12-21;B.1.1.529;Omicron;VOC;VOC;False;257;0
3;2022-03-23 17:41:04;2020-12-21;B.1.640;;VUM;VUM;False;257;0
3;2022-03-23 17:41:04;2020-12-21;XF;;VUM;;False;257;0
3;2022-03-23 17:41:04;2020-12-21;XD;;VUM;VUM;False;257;0
3;2022-03-23 17:41:04;2020-12-21;B.1.1.7;Alpha;DEV;;False;257;5
3;2022-03-23 17:41:04;2020-12-21;B.1.621;Mu;DEV;;False;257;0
3;2022-03-23 17:41:04;2020-12-21;C.37;Lambda;DEV;;False;257;0
3;2022-03-23 17:41:04;2020-12-21;BA.1;;VOC;VOC;True;257;0
3;2022-03-23 17:41:04;2020-12-21;BA.2;;VOC;VOC;True;257;0
3;2022-03-23 17:41:04;2020-12-21;BA.3;;VOC;VOC;True;257;0
3;2022-03-23 17:41:04;2020-12-28;B.1.351;Beta;VOC;;False;207;1
3;2022-03-23 17:41:04;2020-12-28;P.1;Gamma;VOC;;False;207;0
3;2022-03-23 17:41:04;2020-12-28;B.1.617.2;Delta;VOC;VOC;False;207;0
3;2022-03-23 17:41:04;2020-12-28;B.1.1.529;Omicron;VOC;VOC;False;207;0
3;2022-03-23 17:41:04;2020-12-28;B.1.640;;VUM;VUM;False;207;0
3;2022-03-23 17:41:04;2020-12-28;XF;;VUM;;False;207;0
3;2022-03-23 17:41:04;2020-12-28;XD;;VUM;VUM;False;207;0
3;2022-03-23 17:41:04;2020-12-28;B.1.1.7;Alpha;DEV;;False;207;9
3;2022-03-23 17:41:04;2020-12-28;B.1.621;Mu;DEV;;False;207;0
3;2022-03-23 17:41:04;2020-12-28;C.37;Lambda;DEV;;False;207;0
3;2022-03-23 17:41:04;2020-12-28;BA.1;;VOC;VOC;True;207;0
3;2022-03-23 17:41:04;2020-12-28;BA.2;;VOC;VOC;True;207;0
3;2022-03-23 17:41:04;2020-12-28;BA.3;;VOC;VOC;True;207;0
3;2022-03-23 17:41:04;2021-01-04;B.1.351;Beta;VOC;;False;356;0
3;2022-03-23 17:41:04;2021-01-04;P.1;Gamma;VOC;;False;356;0
3;2022-03-23 17:41:04;2021-01-04;B.1.617.2;Delta;VOC;VOC;False;356;0
3;2022-03-23 17:41:04;2021-01-04;B.1.1.529;Omicron;VOC;VOC;False;356;0
3;2022-03-23 17:41:04;2021-01-04;B.1.640;;VUM;VUM;False;356;0
3;2022-03-23 17:41:04;2021-01-04;XF;;VUM;;False;356;0
3;2022-03-23 17:41:04;2021-01-04;XD;;VUM;VUM;False;356;0
3;2022-03-23 17:41:04;2021-01-04;B.1.1.7;Alpha;DEV;;False;356;45
3;2022-03-23 17:41:04;2021-01-04;B.1.621;Mu;DEV;;False;356;0
3;2022-03-23 17:41:04;2021-01-04;C.37;Lambda;DEV;;False;356;0
3;2022-03-23 17:41:04;2021-01-04;BA.1;;VOC;VOC;True;356;0
3;2022-03-23 17:41:04;2021-01-04;BA.2;;VOC;VOC;True;356;0
3;2022-03-23 17:41:04;2021-01-04;BA.3;;VOC;VOC;True;356;0
3;2022-03-23 17:41:04;2021-01-11;B.1.351;Beta;VOC;;False;303;3
3;2022-03-23 17:41:04;2021-01-11;P.1;Gamma;VOC;;False;303;0
3;2022-03-23 17:41:04;2021-01-11;B.1.617.2;Delta;VOC;VOC;False;303;0
3;2022-03-23 17:41:04;2021-01-11;B.1.1.529;Omicron;VOC;VOC;False;303;0
3;2022-03-23 17:41:04;2021-01-11;B.1.640;;VUM;VUM;False;303;0
3;2022-03-23 17:41:04;2021-01-11;XF;;VUM;;False;303;0
3;2022-03-23 17:41:04;2021-01-11;XD;;VUM;VUM;False;303;0
3;2022-03-23 17:41:04;2021-01-11;B.1.1.7;Alpha;DEV;;False;303;60
3;2022-03-23 17:41:04;2021-01-11;B.1.621;Mu;DEV;;False;303;0
3;2022-03-23 17:41:04;2021-01-11;C.37;Lambda;DEV;;False;303;0
3;2022-03-23 17:41:04;2021-01-11;BA.1;;VOC;VOC;True;303;0
3;2022-03-23 17:41:04;2021-01-11;BA.2;;VOC;VOC;True;303;0
3;2022-03-23 17:41:04;2021-01-11;BA.3;;VOC;VOC;True;303;0
3;2022-03-23 17:41:04;2021-01-18;B.1.351;Beta;VOC;;False;651;3
3;2022-03-23 17:41:04;2021-01-18;P.1;Gamma;VOC;;False;651;0
3;2022-03-23 17:41:04;2021-01-18;B.1.617.2;Delta;VOC;VOC;False;651;0
3;2022-03-23 17:41:04;2021-01-18;B.1.1.529;Omicron;VOC;VOC;False;651;0
3;2022-03-23 17:41:04;2021-01-18;B.1.640;;VUM;VUM;False;651;0
3;2022-03-23 17:41:04;2021-01-18;XF;;VUM;;False;651;0
3;2022-03-23 17:41:04;2021-01-18;XD;;VUM;VUM;False;651;0
3;2022-03-23 17:41:04;2021-01-18;B.1.1.7;Alpha;DEV;;False;651;158
3;2022-03-23 17:41:04;2021-01-18;B.1.621;Mu;DEV;;False;651;0
3;2022-03-23 17:41:04;2021-01-18;C.37;Lambda;DEV;;False;651;0
3;2022-03-23 17:41:04;2021-01-18;BA.1;;VOC;VOC;True;651;0
3;2022-03-23 17:41:04;2021-01-18;BA.2;;VOC;VOC;True;651;0
3;2022-03-23 17:41:04;2021-01-18;BA.3;;VOC;VOC;True;651;0
3;2022-03-23 17:41:04;2021-01-25;B.1.351;Beta;VOC;;False;876;14
3;2022-03-23 17:41:04;2021-01-25;P.1;Gamma;VOC;;False;876;1
3;2022-03-23 17:41:04;2021-01-25;B.1.617.2;Delta;VOC;VOC;False;876;0
3;2022-03-23 17:41:04;2021-01-25;B.1.1.529;Omicron;VOC;VOC;False;876;0
3;2022-03-23 17:41:04;2021-01-25;B.1.640;;VUM;VUM;False;876;0
3;2022-03-23 17:41:04;2021-01-25;XF;;VUM;;False;876;0
3;2022-03-23 17:41:04;2021-01-25;XD;;VUM;VUM;False;876;0
3;2022-03-23 17:41:04;2021-01-25;B.1.1.7;Alpha;DEV;;False;876;216
3;2022-03-23 17:41:04;2021-01-25;B.1.621;Mu;DEV;;False;876;0
3;2022-03-23 17:41:04;2021-01-25;C.37;Lambda;DEV;;False;876;0
3;2022-03-23 17:41:04;2021-01-25;BA.1;;VOC;VOC;True;876;0
3;2022-03-23 17:41:04;2021-01-25;BA.2;;VOC;VOC;True;876;0
3;2022-03-23 17:41:04;2021-01-25;BA.3;;VOC;VOC;True;876;0
3;2022-03-23 17:41:04;2021-02-01;B.1.351;Beta;VOC;;False;867;18
3;2022-03-23 17:41:04;2021-02-01;P.1;Gamma;VOC;;False;867;0
3;2022-03-23 17:41:04;2021-02-01;B.1.617.2;Delta;VOC;VOC;False;867;0
3;2022-03-23 17:41:04;2021-02-01;B.1.1.529;Omicron;VOC;VOC;False;867;0
3;2022-03-23 17:41:04;2021-02-01;B.1.640;;VUM;VUM;False;867;0
3;2022-03-23 17:41:04;2021-02-01;XF;;VUM;;False;867;0
3;2022-03-23 17:41:04;2021-02-01;XD;;VUM;VUM;False;867;0
3;2022-03-23 17:41:04;2021-02-01;B.1.1.7;Alpha;DEV;;False;867;206
3;2022-03-23 17:41:04;2021-02-01;B.1.621;Mu;DEV;;False;867;0
3;2022-03-23 17:41:04;2021-02-01;C.37;Lambda;DEV;;False;867;0
3;2022-03-23 17:41:04;2021-02-01;BA.1;;VOC;VOC;True;867;0
3;2022-03-23 17:41:04;2021-02-01;BA.2;;VOC;VOC;True;867;0
3;2022-03-23 17:41:04;2021-02-01;BA.3;;VOC;VOC;True;867;0
3;2022-03-23 17:41:04;2021-02-08;B.1.351;Beta;VOC;;False;937;30
3;2022-03-23 17:41:04;2021-02-08;P.1;Gamma;VOC;;False;937;0
3;2022-03-23 17:41:04;2021-02-08;B.1.617.2;Delta;VOC;VOC;False;937;0
3;2022-03-23 17:41:04;2021-02-08;B.1.1.529;Omicron;VOC;VOC;False;937;0
3;2022-03-23 17:41:04;2021-02-08;B.1.640;;VUM;VUM;False;937;0
3;2022-03-23 17:41:04;2021-02-08;XF;;VUM;;False;937;0
3;2022-03-23 17:41:04;2021-02-08;XD;;VUM;VUM;False;937;0
3;2022-03-23 17:41:04;2021-02-08;B.1.1.7;Alpha;DEV;;False;937;250
3;2022-03-23 17:41:04;2021-02-08;B.1.621;Mu;DEV;;False;937;0
3;2022-03-23 17:41:04;2021-02-08;C.37;Lambda;DEV;;False;937;0
3;2022-03-23 17:41:04;2021-02-08;BA.1;;VOC;VOC;True;937;0
3;2022-03-23 17:41:04;2021-02-08;BA.2;;VOC;VOC;True;937;0
3;2022-03-23 17:41:04;2021-02-08;BA.3;;VOC;VOC;True;937;0
3;2022-03-23 17:41:04;2021-02-15;B.1.351;Beta;VOC;;False;1048;32
3;2022-03-23 17:41:04;2021-02-15;P.1;Gamma;VOC;;False;1048;1
3;2022-03-23 17:41:04;2021-02-15;B.1.617.2;Delta;VOC;VOC;False;1048;0
3;2022-03-23 17:41:04;2021-02-15;B.1.1.529;Omicron;VOC;VOC;False;1048;0
3;2022-03-23 17:41:04;2021-02-15;B.1.640;;VUM;VUM;False;1048;0
3;2022-03-23 17:41:04;2021-02-15;XF;;VUM;;False;1048;0
3;2022-03-23 17:41:04;2021-02-15;XD;;VUM;VUM;False;1048;0
3;2022-03-23 17:41:04;2021-02-15;B.1.1.7;Alpha;DEV;;False;1048;617
3;2022-03-23 17:41:04;2021-02-15;B.1.621;Mu;DEV;;False;1048;0
3;2022-03-23 17:41:04;2021-02-15;C.37;Lambda;DEV;;False;1048;0
3;2022-03-23 17:41:04;2021-02-15;BA.1;;VOC;VOC;True;1048;0
3;2022-03-23 17:41:04;2021-02-15;BA.2;;VOC;VOC;True;1048;0
3;2022-03-23 17:41:04;2021-02-15;BA.3;;VOC;VOC;True;1048;0
3;2022-03-23 17:41:04;2021-02-22;B.1.351;Beta;VOC;;False;1037;19
3;2022-03-23 17:41:04;2021-02-22;P.1;Gamma;VOC;;False;1037;3
3;2022-03-23 17:41:04;2021-02-22;B.1.617.2;Delta;VOC;VOC;False;1037;0
3;2022-03-23 17:41:04;2021-02-22;B.1.1.529;Omicron;VOC;VOC;False;1037;0
3;2022-03-23 17:41:04;2021-02-22;B.1.640;;VUM;VUM;False;1037;0
3;2022-03-23 17:41:04;2021-02-22;XF;;VUM;;False;1037;0
3;2022-03-23 17:41:04;2021-02-22;XD;;VUM;VUM;False;1037;0
3;2022-03-23 17:41:04;2021-02-22;B.1.1.7;Alpha;DEV;;False;1037;794
3;2022-03-23 17:41:04;2021-02-22;B.1.621;Mu;DEV;;False;1037;0
3;2022-03-23 17:41:04;2021-02-22;C.37;Lambda;DEV;;False;1037;0
3;2022-03-23 17:41:04;2021-02-22;BA.1;;VOC;VOC;True;1037;0
3;2022-03-23 17:41:04;2021-02-22;BA.2;;VOC;VOC;True;1037;0
3;2022-03-23 17:41:04;2021-02-22;BA.3;;VOC;VOC;True;1037;0
3;2022-03-23 17:41:04;2021-03-01;B.1.351;Beta;VOC;;False;1515;24
3;2022-03-23 17:41:04;2021-03-01;P.1;Gamma;VOC;;False;1515;10
3;2022-03-23 17:41:04;2021-03-01;B.1.617.2;Delta;VOC;VOC;False;1515;0
3;2022-03-23 17:41:04;2021-03-01;B.1.1.529;Omicron;VOC;VOC;False;1515;0
3;2022-03-23 17:41:04;2021-03-01;B.1.640;;VUM;VUM;False;1515;0
3;2022-03-23 17:41:04;2021-03-01;XF;;VUM;;False;1515;0
3;2022-03-23 17:41:04;2021-03-01;XD;;VUM;VUM;False;1515;0
3;2022-03-23 17:41:04;2021-03-01;B.1.1.7;Alpha;DEV;;False;1515;1269
3;2022-03-23 17:41:04;2021-03-01;B.1.621;Mu;DEV;;False;1515;0
3;2022-03-23 17:41:04;2021-03-01;C.37;Lambda;DEV;;False;1515;0
3;2022-03-23 17:41:04;2021-03-01;BA.1;;VOC;VOC;True;1515;0
3;2022-03-23 17:41:04;2021-03-01;BA.2;;VOC;VOC;True;1515;0
3;2022-03-23 17:41:04;2021-03-01;BA.3;;VOC;VOC;True;1515;0
3;2022-03-23 17:41:04;2021-03-08;B.1.351;Beta;VOC;;False;1974;56
3;2022-03-23 17:41:04;2021-03-08;P.1;Gamma;VOC;;False;1974;13
3;2022-03-23 17:41:04;2021-03-08;B.1.617.2;Delta;VOC;VOC;False;1974;0
3;2022-03-23 17:41:04;2021-03-08;B.1.1.529;Omicron;VOC;VOC;False;1974;0
3;2022-03-23 17:41:04;2021-03-08;B.1.640;;VUM;VUM;False;1974;0
3;2022-03-23 17:41:04;2021-03-08;XF;;VUM;;False;1974;0
3;2022-03-23 17:41:04;2021-03-08;XD;;VUM;VUM;False;1974;0
3;2022-03-23 17:41:04;2021-03-08;B.1.1.7;Alpha;DEV;;False;1974;1728
3;2022-03-23 17:41:04;2021-03-08;B.1.621;Mu;DEV;;False;1974;0
3;2022-03-23 17:41:04;2021-03-08;C.37;Lambda;DEV;;False;1974;0
3;2022-03-23 17:41:04;2021-03-08;BA.1;;VOC;VOC;True;1974;0
3;2022-03-23 17:41:04;2021-03-08;BA.2;;VOC;VOC;True;1974;0
3;2022-03-23 17:41:04;2021-03-08;BA.3;;VOC;VOC;True;1974;0
3;2022-03-23 17:41:04;2021-03-15;B.1.351;Beta;VOC;;False;1563;56
3;2022-03-23 17:41:04;2021-03-15;P.1;Gamma;VOC;;False;1563;23
3;2022-03-23 17:41:04;2021-03-15;B.1.617.2;Delta;VOC;VOC;False;1563;0
3;2022-03-23 17:41:04;2021-03-15;B.1.1.529;Omicron;VOC;VOC;False;1563;0
3;2022-03-23 17:41:04;2021-03-15;B.1.640;;VUM;VUM;False;1563;0
3;2022-03-23 17:41:04;2021-03-15;XF;;VUM;;False;1563;0
3;2022-03-23 17:41:04;2021-03-15;XD;;VUM;VUM;False;1563;0
3;2022-03-23 17:41:04;2021-03-15;B.1.1.7;Alpha;DEV;;False;1563;1399
3;2022-03-23 17:41:04;2021-03-15;B.1.621;Mu;DEV;;False;1563;0
3;2022-03-23 17:41:04;2021-03-15;C.37;Lambda;DEV;;False;1563;0
3;2022-03-23 17:41:04;2021-03-15;BA.1;;VOC;VOC;True;1563;0
3;2022-03-23 17:41:04;2021-03-15;BA.2;;VOC;VOC;True;1563;0
3;2022-03-23 17:41:04;2021-03-15;BA.3;;VOC;VOC;True;1563;0
3;2022-03-23 17:41:04;2021-03-22;B.1.351;Beta;VOC;;False;1601;39
3;2022-03-23 17:41:04;2021-03-22;P.1;Gamma;VOC;;False;1601;23
3;2022-03-23 17:41:04;2021-03-22;B.1.617.2;Delta;VOC;VOC;False;1601;0
3;2022-03-23 17:41:04;2021-03-22;B.1.1.529;Omicron;VOC;VOC;False;1601;0
3;2022-03-23 17:41:04;2021-03-22;B.1.640;;VUM;VUM;False;1601;0
3;2022-03-23 17:41:04;2021-03-22;XF;;VUM;;False;1601;0
3;2022-03-23 17:41:04;2021-03-22;XD;;VUM;VUM;False;1601;0
3;2022-03-23 17:41:04;2021-03-22;B.1.1.7;Alpha;DEV;;False;1601;1495
3;2022-03-23 17:41:04;2021-03-22;B.1.621;Mu;DEV;;False;1601;0
3;2022-03-23 17:41:04;2021-03-22;C.37;Lambda;DEV;;False;1601;0
3;2022-03-23 17:41:04;2021-03-22;BA.1;;VOC;VOC;True;1601;0
3;2022-03-23 17:41:04;2021-03-22;BA.2;;VOC;VOC;True;1601;0
3;2022-03-23 17:41:04;2021-03-22;BA.3;;VOC;VOC;True;1601;0
3;2022-03-23 17:41:04;2021-03-29;B.1.351;Beta;VOC;;False;1711;40
3;2022-03-23 17:41:04;2021-03-29;P.1;Gamma;VOC;;False;1711;15
3;2022-03-23 17:41:04;2021-03-29;B.1.617.2;Delta;VOC;VOC;False;1711;0
3;2022-03-23 17:41:04;2021-03-29;B.1.1.529;Omicron;VOC;VOC;False;1711;0
3;2022-03-23 17:41:04;2021-03-29;B.1.640;;VUM;VUM;False;1711;0
3;2022-03-23 17:41:04;2021-03-29;XF;;VUM;;False;1711;0
3;2022-03-23 17:41:04;2021-03-29;XD;;VUM;VUM;False;1711;0
3;2022-03-23 17:41:04;2021-03-29;B.1.1.7;Alpha;DEV;;False;1711;1620
3;2022-03-23 17:41:04;2021-03-29;B.1.621;Mu;DEV;;False;1711;0
3;2022-03-23 17:41:04;2021-03-29;C.37;Lambda;DEV;;False;1711;0
3;2022-03-23 17:41:04;2021-03-29;BA.1;;VOC;VOC;True;1711;0
3;2022-03-23 17:41:04;2021-03-29;BA.2;;VOC;VOC;True;1711;0
3;2022-03-23 17:41:04;2021-03-29;BA.3;;VOC;VOC;True;1711;0
3;2022-03-23 17:41:04;2021-04-05;B.1.351;Beta;VOC;;False;1532;28
3;2022-03-23 17:41:04;2021-04-05;P.1;Gamma;VOC;;False;1532;23
3;2022-03-23 17:41:04;2021-04-05;B.1.617.2;Delta;VOC;VOC;False;1532;0
3;2022-03-23 17:41:04;2021-04-05;B.1.1.529;Omicron;VOC;VOC;False;1532;0
3;2022-03-23 17:41:04;2021-04-05;B.1.640;;VUM;VUM;False;1532;0
3;2022-03-23 17:41:04;2021-04-05;XF;;VUM;;False;1532;0
3;2022-03-23 17:41:04;2021-04-05;XD;;VUM;VUM;False;1532;0
3;2022-03-23 17:41:04;2021-04-05;B.1.1.7;Alpha;DEV;;False;1532;1461
3;2022-03-23 17:41:04;2021-04-05;B.1.621;Mu;DEV;;False;1532;1
3;2022-03-23 17:41:04;2021-04-05;C.37;Lambda;DEV;;False;1532;0
3;2022-03-23 17:41:04;2021-04-05;BA.1;;VOC;VOC;True;1532;0
3;2022-03-23 17:41:04;2021-04-05;BA.2;;VOC;VOC;True;1532;0
3;2022-03-23 17:41:04;2021-04-05;BA.3;;VOC;VOC;True;1532;0
3;2022-03-23 17:41:04;2021-04-12;B.1.351;Beta;VOC;;False;1677;20
3;2022-03-23 17:41:04;2021-04-12;P.1;Gamma;VOC;;False;1677;21
3;2022-03-23 17:41:04;2021-04-12;B.1.617.2;Delta;VOC;VOC;False;1677;1
3;2022-03-23 17:41:04;2021-04-12;B.1.1.529;Omicron;VOC;VOC;False;1677;0
3;2022-03-23 17:41:04;2021-04-12;B.1.640;;VUM;VUM;False;1677;0
3;2022-03-23 17:41:04;2021-04-12;XF;;VUM;;False;1677;0
3;2022-03-23 17:41:04;2021-04-12;XD;;VUM;VUM;False;1677;0
3;2022-03-23 17:41:04;2021-04-12;B.1.1.7;Alpha;DEV;;False;1677;1621
3;2022-03-23 17:41:04;2021-04-12;B.1.621;Mu;DEV;;False;1677;1
3;2022-03-23 17:41:04;2021-04-12;C.37;Lambda;DEV;;False;1677;0
3;2022-03-23 17:41:04;2021-04-12;BA.1;;VOC;VOC;True;1677;0
3;2022-03-23 17:41:04;2021-04-12;BA.2;;VOC;VOC;True;1677;0
3;2022-03-23 17:41:04;2021-04-12;BA.3;;VOC;VOC;True;1677;0
3;2022-03-23 17:41:04;2021-04-19;B.1.351;Beta;VOC;;False;1593;18
3;2022-03-23 17:41:04;2021-04-19;P.1;Gamma;VOC;;False;1593;28
3;2022-03-23 17:41:04;2021-04-19;B.1.617.2;Delta;VOC;VOC;False;1593;2
3;2022-03-23 17:41:04;2021-04-19;B.1.1.529;Omicron;VOC;VOC;False;1593;0
3;2022-03-23 17:41:04;2021-04-19;B.1.640;;VUM;VUM;False;1593;0
3;2022-03-23 17:41:04;2021-04-19;XF;;VUM;;False;1593;0
3;2022-03-23 17:41:04;2021-04-19;XD;;VUM;VUM;False;1593;0
3;2022-03-23 17:41:04;2021-04-19;B.1.1.7;Alpha;DEV;;False;1593;1532
3;2022-03-23 17:41:04;2021-04-19;B.1.621;Mu;DEV;;False;1593;2
3;2022-03-23 17:41:04;2021-04-19;C.37;Lambda;DEV;;False;1593;0
3;2022-03-23 17:41:04;2021-04-19;BA.1;;VOC;VOC;True;1593;0
3;2022-03-23 17:41:04;2021-04-19;BA.2;;VOC;VOC;True;1593;0
3;2022-03-23 17:41:04;2021-04-19;BA.3;;VOC;VOC;True;1593;0
3;2022-03-23 17:41:04;2021-04-26;B.1.351;Beta;VOC;;False;1691;7
3;2022-03-23 17:41:04;2021-04-26;P.1;Gamma;VOC;;False;1691;28
3;2022-03-23 17:41:04;2021-04-26;B.1.617.2;Delta;VOC;VOC;False;1691;4
3;2022-03-23 17:41:04;2021-04-26;B.1.1.529;Omicron;VOC;VOC;False;1691;0
3;2022-03-23 17:41:04;2021-04-26;B.1.640;;VUM;VUM;False;1691;0
3;2022-03-23 17:41:04;2021-04-26;XF;;VUM;;False;1691;0
3;2022-03-23 17:41:04;2021-04-26;XD;;VUM;VUM;False;1691;0
3;2022-03-23 17:41:04;2021-04-26;B.1.1.7;Alpha;DEV;;False;1691;1643
3;2022-03-23 17:41:04;2021-04-26;B.1.621;Mu;DEV;;False;1691;1
3;2022-03-23 17:41:04;2021-04-26;C.37;Lambda;DEV;;False;1691;0
3;2022-03-23 17:41:04;2021-04-26;BA.1;;VOC;VOC;True;1691;0
3;2022-03-23 17:41:04;2021-04-26;BA.2;;VOC;VOC;True;1691;0
3;2022-03-23 17:41:04;2021-04-26;BA.3;;VOC;VOC;True;1691;0
3;2022-03-23 17:41:04;2021-05-03;B.1.351;Beta;VOC;;False;1687;12
3;2022-03-23 17:41:04;2021-05-03;P.1;Gamma;VOC;;False;1687;35
3;2022-03-23 17:41:04;2021-05-03;B.1.617.2;Delta;VOC;VOC;False;1687;1
3;2022-03-23 17:41:04;2021-05-03;B.1.1.529;Omicron;VOC;VOC;False;1687;0
3;2022-03-23 17:41:04;2021-05-03;B.1.640;;VUM;VUM;False;1687;0
3;2022-03-23 17:41:04;2021-05-03;XF;;VUM;;False;1687;0
3;2022-03-23 17:41:04;2021-05-03;XD;;VUM;VUM;False;1687;0
3;2022-03-23 17:41:04;2021-05-03;B.1.1.7;Alpha;DEV;;False;1687;1633
3;2022-03-23 17:41:04;2021-05-03;B.1.621;Mu;DEV;;False;1687;3
3;2022-03-23 17:41:04;2021-05-03;C.37;Lambda;DEV;;False;1687;0
3;2022-03-23 17:41:04;2021-05-03;BA.1;;VOC;VOC;True;1687;0
3;2022-03-23 17:41:04;2021-05-03;BA.2;;VOC;VOC;True;1687;0
3;2022-03-23 17:41:04;2021-05-03;BA.3;;VOC;VOC;True;1687;0
3;2022-03-23 17:41:04;2021-05-10;B.1.351;Beta;VOC;;False;1650;8
3;2022-03-23 17:41:04;2021-05-10;P.1;Gamma;VOC;;False;1650;31
3;2022-03-23 17:41:04;2021-05-10;B.1.617.2;Delta;VOC;VOC;False;1650;11
3;2022-03-23 17:41:04;2021-05-10;B.1.1.529;Omicron;VOC;VOC;False;1650;0
3;2022-03-23 17:41:04;2021-05-10;B.1.640;;VUM;VUM;False;1650;0
3;2022-03-23 17:41:04;2021-05-10;XF;;VUM;;False;1650;0
3;2022-03-23 17:41:04;2021-05-10;XD;;VUM;VUM;False;1650;0
3;2022-03-23 17:41:04;2021-05-10;B.1.1.7;Alpha;DEV;;False;1650;1589
3;2022-03-23 17:41:04;2021-05-10;B.1.621;Mu;DEV;;False;1650;3
3;2022-03-23 17:41:04;2021-05-10;C.37;Lambda;DEV;;False;1650;0
3;2022-03-23 17:41:04;2021-05-10;BA.1;;VOC;VOC;True;1650;0
3;2022-03-23 17:41:04;2021-05-10;BA.2;;VOC;VOC;True;1650;0
3;2022-03-23 17:41:04;2021-05-10;BA.3;;VOC;VOC;True;1650;0
3;2022-03-23 17:41:04;2021-05-17;B.1.351;Beta;VOC;;False;1370;3
3;2022-03-23 17:41:04;2021-05-17;P.1;Gamma;VOC;;False;1370;32
3;2022-03-23 17:41:04;2021-05-17;B.1.617.2;Delta;VOC;VOC;False;1370;10
3;2022-03-23 17:41:04;2021-05-17;B.1.1.529;Omicron;VOC;VOC;False;1370;0
3;2022-03-23 17:41:04;2021-05-17;B.1.640;;VUM;VUM;False;1370;0
3;2022-03-23 17:41:04;2021-05-17;XF;;VUM;;False;1370;0
3;2022-03-23 17:41:04;2021-05-17;XD;;VUM;VUM;False;1370;0
3;2022-03-23 17:41:04;2021-05-17;B.1.1.7;Alpha;DEV;;False;1370;1316
3;2022-03-23 17:41:04;2021-05-17;B.1.621;Mu;DEV;;False;1370;5
3;2022-03-23 17:41:04;2021-05-17;C.37;Lambda;DEV;;False;1370;0
3;2022-03-23 17:41:04;2021-05-17;BA.1;;VOC;VOC;True;1370;0
3;2022-03-23 17:41:04;2021-05-17;BA.2;;VOC;VOC;True;1370;0
3;2022-03-23 17:41:04;2021-05-17;BA.3;;VOC;VOC;True;1370;0
3;2022-03-23 17:41:04;2021-05-24;B.1.351;Beta;VOC;;False;1323;3
3;2022-03-23 17:41:04;2021-05-24;P.1;Gamma;VOC;;False;1323;16
3;2022-03-23 17:41:04;2021-05-24;B.1.617.2;Delta;VOC;VOC;False;1323;23
3;2022-03-23 17:41:04;2021-05-24;B.1.1.529;Omicron;VOC;VOC;False;1323;0
3;2022-03-23 17:41:04;2021-05-24;B.1.640;;VUM;VUM;False;1323;0
3;2022-03-23 17:41:04;2021-05-24;XF;;VUM;;False;1323;0
3;2022-03-23 17:41:04;2021-05-24;XD;;VUM;VUM;False;1323;0
3;2022-03-23 17:41:04;2021-05-24;B.1.1.7;Alpha;DEV;;False;1323;1270
3;2022-03-23 17:41:04;2021-05-24;B.1.621;Mu;DEV;;False;1323;0
3;2022-03-23 17:41:04;2021-05-24;C.37;Lambda;DEV;;False;1323;1
3;2022-03-23 17:41:04;2021-05-24;BA.1;;VOC;VOC;True;1323;0
3;2022-03-23 17:41:04;2021-05-24;BA.2;;VOC;VOC;True;1323;0
3;2022-03-23 17:41:04;2021-05-24;BA.3;;VOC;VOC;True;1323;0
3;2022-03-23 17:41:04;2021-05-31;B.1.351;Beta;VOC;;False;1272;0
3;2022-03-23 17:41:04;2021-05-31;P.1;Gamma;VOC;;False;1272;22
3;2022-03-23 17:41:04;2021-05-31;B.1.617.2;Delta;VOC;VOC;False;1272;48
3;2022-03-23 17:41:04;2021-05-31;B.1.1.529;Omicron;VOC;VOC;False;1272;0
3;2022-03-23 17:41:04;2021-05-31;B.1.640;;VUM;VUM;False;1272;0
3;2022-03-23 17:41:04;2021-05-31;XF;;VUM;;False;1272;0
3;2022-03-23 17:41:04;2021-05-31;XD;;VUM;VUM;False;1272;0
3;2022-03-23 17:41:04;2021-05-31;B.1.1.7;Alpha;DEV;;False;1272;1181
3;2022-03-23 17:41:04;2021-05-31;B.1.621;Mu;DEV;;False;1272;4
3;2022-03-23 17:41:04;2021-05-31;C.37;Lambda;DEV;;False;1272;0
3;2022-03-23 17:41:04;2021-05-31;BA.1;;VOC;VOC;True;1272;0
3;2022-03-23 17:41:04;2021-05-31;BA.2;;VOC;VOC;True;1272;0
3;2022-03-23 17:41:04;2021-05-31;BA.3;;VOC;VOC;True;1272;0
3;2022-03-23 17:41:04;2021-06-07;B.1.351;Beta;VOC;;False;1175;1
3;2022-03-23 17:41:04;2021-06-07;P.1;Gamma;VOC;;False;1175;12
3;2022-03-23 17:41:04;2021-06-07;B.1.617.2;Delta;VOC;VOC;False;1175;101
3;2022-03-23 17:41:04;2021-06-07;B.1.1.529;Omicron;VOC;VOC;False;1175;0
3;2022-03-23 17:41:04;2021-06-07;B.1.640;;VUM;VUM;False;1175;0
3;2022-03-23 17:41:04;2021-06-07;XF;;VUM;;False;1175;0
3;2022-03-23 17:41:04;2021-06-07;XD;;VUM;VUM;False;1175;0
3;2022-03-23 17:41:04;2021-06-07;B.1.1.7;Alpha;DEV;;False;1175;1037
3;2022-03-23 17:41:04;2021-06-07;B.1.621;Mu;DEV;;False;1175;5
3;2022-03-23 17:41:04;2021-06-07;C.37;Lambda;DEV;;False;1175;0
3;2022-03-23 17:41:04;2021-06-07;BA.1;;VOC;VOC;True;1175;0
3;2022-03-23 17:41:04;2021-06-07;BA.2;;VOC;VOC;True;1175;0
3;2022-03-23 17:41:04;2021-06-07;BA.3;;VOC;VOC;True;1175;0
3;2022-03-23 17:41:04;2021-06-14;B.1.351;Beta;VOC;;False;1039;1
3;2022-03-23 17:41:04;2021-06-14;P.1;Gamma;VOC;;False;1039;16
3;2022-03-23 17:41:04;2021-06-14;B.1.617.2;Delta;VOC;VOC;False;1039;239
3;2022-03-23 17:41:04;2021-06-14;B.1.1.529;Omicron;VOC;VOC;False;1039;0
3;2022-03-23 17:41:04;2021-06-14;B.1.640;;VUM;VUM;False;1039;0
3;2022-03-23 17:41:04;2021-06-14;XF;;VUM;;False;1039;0
3;2022-03-23 17:41:04;2021-06-14;XD;;VUM;VUM;False;1039;0
3;2022-03-23 17:41:04;2021-06-14;B.1.1.7;Alpha;DEV;;False;1039;745
3;2022-03-23 17:41:04;2021-06-14;B.1.621;Mu;DEV;;False;1039;9
3;2022-03-23 17:41:04;2021-06-14;C.37;Lambda;DEV;;False;1039;0
3;2022-03-23 17:41:04;2021-06-14;BA.1;;VOC;VOC;True;1039;0
3;2022-03-23 17:41:04;2021-06-14;BA.2;;VOC;VOC;True;1039;0
3;2022-03-23 17:41:04;2021-06-14;BA.3;;VOC;VOC;True;1039;0
3;2022-03-23 17:41:04;2021-06-21;B.1.351;Beta;VOC;;False;679;1
3;2022-03-23 17:41:04;2021-06-21;P.1;Gamma;VOC;;False;679;7
3;2022-03-23 17:41:04;2021-06-21;B.1.617.2;Delta;VOC;VOC;False;679;277
3;2022-03-23 17:41:04;2021-06-21;B.1.1.529;Omicron;VOC;VOC;False;679;0
3;2022-03-23 17:41:04;2021-06-21;B.1.640;;VUM;VUM;False;679;0
3;2022-03-23 17:41:04;2021-06-21;XF;;VUM;;False;679;0
3;2022-03-23 17:41:04;2021-06-21;XD;;VUM;VUM;False;679;0
3;2022-03-23 17:41:04;2021-06-21;B.1.1.7;Alpha;DEV;;False;679;382
3;2022-03-23 17:41:04;2021-06-21;B.1.621;Mu;DEV;;False;679;3
3;2022-03-23 17:41:04;2021-06-21;C.37;Lambda;DEV;;False;679;1
3;2022-03-23 17:41:04;2021-06-21;BA.1;;VOC;VOC;True;679;0
3;2022-03-23 17:41:04;2021-06-21;BA.2;;VOC;VOC;True;679;0
3;2022-03-23 17:41:04;2021-06-21;BA.3;;VOC;VOC;True;679;0
3;2022-03-23 17:41:04;2021-06-28;B.1.351;Beta;VOC;;False;929;1
3;2022-03-23 17:41:04;2021-06-28;P.1;Gamma;VOC;;False;929;3
3;2022-03-23 17:41:04;2021-06-28;B.1.617.2;Delta;VOC;VOC;False;929;631
3;2022-03-23 17:41:04;2021-06-28;B.1.1.529;Omicron;VOC;VOC;False;929;0
3;2022-03-23 17:41:04;2021-06-28;B.1.640;;VUM;VUM;False;929;0
3;2022-03-23 17:41:04;2021-06-28;XF;;VUM;;False;929;0
3;2022-03-23 17:41:04;2021-06-28;XD;;VUM;VUM;False;929;0
3;2022-03-23 17:41:04;2021-06-28;B.1.1.7;Alpha;DEV;;False;929;271
3;2022-03-23 17:41:04;2021-06-28;B.1.621;Mu;DEV;;False;929;5
3;2022-03-23 17:41:04;2021-06-28;C.37;Lambda;DEV;;False;929;1
3;2022-03-23 17:41:04;2021-06-28;BA.1;;VOC;VOC;True;929;0
3;2022-03-23 17:41:04;2021-06-28;BA.2;;VOC;VOC;True;929;0
3;2022-03-23 17:41:04;2021-06-28;BA.3;;VOC;VOC;True;929;0
3;2022-03-23 17:41:04;2021-07-05;B.1.351;Beta;VOC;;False;2449;0
3;2022-03-23 17:41:04;2021-07-05;P.1;Gamma;VOC;;False;2449;3
3;2022-03-23 17:41:04;2021-07-05;B.1.617.2;Delta;VOC;VOC;False;2449;2093
3;2022-03-23 17:41:04;2021-07-05;B.1.1.529;Omicron;VOC;VOC;False;2449;0
3;2022-03-23 17:41:04;2021-07-05;B.1.640;;VUM;VUM;False;2449;0
3;2022-03-23 17:41:04;2021-07-05;XF;;VUM;;False;2449;0
3;2022-03-23 17:41:04;2021-07-05;XD;;VUM;VUM;False;2449;0
3;2022-03-23 17:41:04;2021-07-05;B.1.1.7;Alpha;DEV;;False;2449;336
3;2022-03-23 17:41:04;2021-07-05;B.1.621;Mu;DEV;;False;2449;0
3;2022-03-23 17:41:04;2021-07-05;C.37;Lambda;DEV;;False;2449;8
3;2022-03-23 17:41:04;2021-07-05;BA.1;;VOC;VOC;True;2449;0
3;2022-03-23 17:41:04;2021-07-05;BA.2;;VOC;VOC;True;2449;0
3;2022-03-23 17:41:04;2021-07-05;BA.3;;VOC;VOC;True;2449;0
3;2022-03-23 17:41:04;2021-07-12;B.1.351;Beta;VOC;;False;2236;0
3;2022-03-23 17:41:04;2021-07-12;P.1;Gamma;VOC;;False;2236;2
3;2022-03-23 17:41:04;2021-07-12;B.1.617.2;Delta;VOC;VOC;False;2236;2038
3;2022-03-23 17:41:04;2021-07-12;B.1.1.529;Omicron;VOC;VOC;False;2236;0
3;2022-03-23 17:41:04;2021-07-12;B.1.640;;VUM;VUM;False;2236;0
3;2022-03-23 17:41:04;2021-07-12;XF;;VUM;;False;2236;0
3;2022-03-23 17:41:04;2021-07-12;XD;;VUM;VUM;False;2236;0
3;2022-03-23 17:41:04;2021-07-12;B.1.1.7;Alpha;DEV;;False;2236;172
3;2022-03-23 17:41:04;2021-07-12;B.1.621;Mu;DEV;;False;2236;0
3;2022-03-23 17:41:04;2021-07-12;C.37;Lambda;DEV;;False;2236;0
3;2022-03-23 17:41:04;2021-07-12;BA.1;;VOC;VOC;True;2236;0
3;2022-03-23 17:41:04;2021-07-12;BA.2;;VOC;VOC;True;2236;0
3;2022-03-23 17:41:04;2021-07-12;BA.3;;VOC;VOC;True;2236;0
3;2022-03-23 17:41:04;2021-07-19;B.1.351;Beta;VOC;;False;2122;0
3;2022-03-23 17:41:04;2021-07-19;P.1;Gamma;VOC;;False;2122;4
3;2022-03-23 17:41:04;2021-07-19;B.1.617.2;Delta;VOC;VOC;False;2122;2032
3;2022-03-23 17:41:04;2021-07-19;B.1.1.529;Omicron;VOC;VOC;False;2122;0
3;2022-03-23 17:41:04;2021-07-19;B.1.640;;VUM;VUM;False;2122;0
3;2022-03-23 17:41:04;2021-07-19;XF;;VUM;;False;2122;0
3;2022-03-23 17:41:04;2021-07-19;XD;;VUM;VUM;False;2122;0
3;2022-03-23 17:41:04;2021-07-19;B.1.1.7;Alpha;DEV;;False;2122;85
3;2022-03-23 17:41:04;2021-07-19;B.1.621;Mu;DEV;;False;2122;0
3;2022-03-23 17:41:04;2021-07-19;C.37;Lambda;DEV;;False;2122;0
3;2022-03-23 17:41:04;2021-07-19;BA.1;;VOC;VOC;True;2122;0
3;2022-03-23 17:41:04;2021-07-19;BA.2;;VOC;VOC;True;2122;0
3;2022-03-23 17:41:04;2021-07-19;BA.3;;VOC;VOC;True;2122;0
3;2022-03-23 17:41:04;2021-07-26;B.1.351;Beta;VOC;;False;1745;0
3;2022-03-23 17:41:04;2021-07-26;P.1;Gamma;VOC;;False;1745;2
3;2022-03-23 17:41:04;2021-07-26;B.1.617.2;Delta;VOC;VOC;False;1745;1688
3;2022-03-23 17:41:04;2021-07-26;B.1.1.529;Omicron;VOC;VOC;False;1745;0
3;2022-03-23 17:41:04;2021-07-26;B.1.640;;VUM;VUM;False;1745;0
3;2022-03-23 17:41:04;2021-07-26;XF;;VUM;;False;1745;0
3;2022-03-23 17:41:04;2021-07-26;XD;;VUM;VUM;False;1745;0
3;2022-03-23 17:41:04;2021-07-26;B.1.1.7;Alpha;DEV;;False;1745;52
3;2022-03-23 17:41:04;2021-07-26;B.1.621;Mu;DEV;;False;1745;3
3;2022-03-23 17:41:04;2021-07-26;C.37;Lambda;DEV;;False;1745;0
3;2022-03-23 17:41:04;2021-07-26;BA.1;;VOC;VOC;True;1745;0
3;2022-03-23 17:41:04;2021-07-26;BA.2;;VOC;VOC;True;1745;0
3;2022-03-23 17:41:04;2021-07-26;BA.3;;VOC;VOC;True;1745;0
3;2022-03-23 17:41:04;2021-08-02;B.1.351;Beta;VOC;;False;1499;0
3;2022-03-23 17:41:04;2021-08-02;P.1;Gamma;VOC;;False;1499;1
3;2022-03-23 17:41:04;2021-08-02;B.1.617.2;Delta;VOC;VOC;False;1499;1478
3;2022-03-23 17:41:04;2021-08-02;B.1.1.529;Omicron;VOC;VOC;False;1499;0
3;2022-03-23 17:41:04;2021-08-02;B.1.640;;VUM;VUM;False;1499;0
3;2022-03-23 17:41:04;2021-08-02;XF;;VUM;;False;1499;0
3;2022-03-23 17:41:04;2021-08-02;XD;;VUM;VUM;False;1499;0
3;2022-03-23 17:41:04;2021-08-02;B.1.1.7;Alpha;DEV;;False;1499;19
3;2022-03-23 17:41:04;2021-08-02;B.1.621;Mu;DEV;;False;1499;0
3;2022-03-23 17:41:04;2021-08-02;C.37;Lambda;DEV;;False;1499;0
3;2022-03-23 17:41:04;2021-08-02;BA.1;;VOC;VOC;True;1499;0
3;2022-03-23 17:41:04;2021-08-02;BA.2;;VOC;VOC;True;1499;0
3;2022-03-23 17:41:04;2021-08-02;BA.3;;VOC;VOC;True;1499;0
3;2022-03-23 17:41:04;2021-08-09;B.1.351;Beta;VOC;;False;1508;0
3;2022-03-23 17:41:04;2021-08-09;P.1;Gamma;VOC;;False;1508;0
3;2022-03-23 17:41:04;2021-08-09;B.1.617.2;Delta;VOC;VOC;False;1508;1475
3;2022-03-23 17:41:04;2021-08-09;B.1.1.529;Omicron;VOC;VOC;False;1508;0
3;2022-03-23 17:41:04;2021-08-09;B.1.640;;VUM;VUM;False;1508;0
3;2022-03-23 17:41:04;2021-08-09;XF;;VUM;;False;1508;0
3;2022-03-23 17:41:04;2021-08-09;XD;;VUM;VUM;False;1508;0
3;2022-03-23 17:41:04;2021-08-09;B.1.1.7;Alpha;DEV;;False;1508;32
3;2022-03-23 17:41:04;2021-08-09;B.1.621;Mu;DEV;;False;1508;1
3;2022-03-23 17:41:04;2021-08-09;C.37;Lambda;DEV;;False;1508;0
3;2022-03-23 17:41:04;2021-08-09;BA.1;;VOC;VOC;True;1508;0
3;2022-03-23 17:41:04;2021-08-09;BA.2;;VOC;VOC;True;1508;0
3;2022-03-23 17:41:04;2021-08-09;BA.3;;VOC;VOC;True;1508;0
3;2022-03-23 17:41:04;2021-08-16;B.1.351;Beta;VOC;;False;1757;0
3;2022-03-23 17:41:04;2021-08-16;P.1;Gamma;VOC;;False;1757;3
3;2022-03-23 17:41:04;2021-08-16;B.1.617.2;Delta;VOC;VOC;False;1757;1748
3;2022-03-23 17:41:04;2021-08-16;B.1.1.529;Omicron;VOC;VOC;False;1757;0
3;2022-03-23 17:41:04;2021-08-16;B.1.640;;VUM;VUM;False;1757;0
3;2022-03-23 17:41:04;2021-08-16;XF;;VUM;;False;1757;0
3;2022-03-23 17:41:04;2021-08-16;XD;;VUM;VUM;False;1757;0
3;2022-03-23 17:41:04;2021-08-16;B.1.1.7;Alpha;DEV;;False;1757;6
3;2022-03-23 17:41:04;2021-08-16;B.1.621;Mu;DEV;;False;1757;0
3;2022-03-23 17:41:04;2021-08-16;C.37;Lambda;DEV;;False;1757;0
3;2022-03-23 17:41:04;2021-08-16;BA.1;;VOC;VOC;True;1757;0
3;2022-03-23 17:41:04;2021-08-16;BA.2;;VOC;VOC;True;1757;0
3;2022-03-23 17:41:04;2021-08-16;BA.3;;VOC;VOC;True;1757;0
3;2022-03-23 17:41:04;2021-08-23;B.1.351;Beta;VOC;;False;1672;0
3;2022-03-23 17:41:04;2021-08-23;P.1;Gamma;VOC;;False;1672;1
3;2022-03-23 17:41:04;2021-08-23;B.1.617.2;Delta;VOC;VOC;False;1672;1667
3;2022-03-23 17:41:04;2021-08-23;B.1.1.529;Omicron;VOC;VOC;False;1672;0
3;2022-03-23 17:41:04;2021-08-23;B.1.640;;VUM;VUM;False;1672;0
3;2022-03-23 17:41:04;2021-08-23;XF;;VUM;;False;1672;0
3;2022-03-23 17:41:04;2021-08-23;XD;;VUM;VUM;False;1672;0
3;2022-03-23 17:41:04;2021-08-23;B.1.1.7;Alpha;DEV;;False;1672;3
3;2022-03-23 17:41:04;2021-08-23;B.1.621;Mu;DEV;;False;1672;0
3;2022-03-23 17:41:04;2021-08-23;C.37;Lambda;DEV;;False;1672;0
3;2022-03-23 17:41:04;2021-08-23;BA.1;;VOC;VOC;True;1672;0
3;2022-03-23 17:41:04;2021-08-23;BA.2;;VOC;VOC;True;1672;0
3;2022-03-23 17:41:04;2021-08-23;BA.3;;VOC;VOC;True;1672;0
3;2022-03-23 17:41:04;2021-08-30;B.1.351;Beta;VOC;;False;1488;0
3;2022-03-23 17:41:04;2021-08-30;P.1;Gamma;VOC;;False;1488;0
3;2022-03-23 17:41:04;2021-08-30;B.1.617.2;Delta;VOC;VOC;False;1488;1485
3;2022-03-23 17:41:04;2021-08-30;B.1.1.529;Omicron;VOC;VOC;False;1488;0
3;2022-03-23 17:41:04;2021-08-30;B.1.640;;VUM;VUM;False;1488;0
3;2022-03-23 17:41:04;2021-08-30;XF;;VUM;;False;1488;0
3;2022-03-23 17:41:04;2021-08-30;XD;;VUM;VUM;False;1488;0
3;2022-03-23 17:41:04;2021-08-30;B.1.1.7;Alpha;DEV;;False;1488;3
3;2022-03-23 17:41:04;2021-08-30;B.1.621;Mu;DEV;;False;1488;0
3;2022-03-23 17:41:04;2021-08-30;C.37;Lambda;DEV;;False;1488;0
3;2022-03-23 17:41:04;2021-08-30;BA.1;;VOC;VOC;True;1488;0
3;2022-03-23 17:41:04;2021-08-30;BA.2;;VOC;VOC;True;1488;0
3;2022-03-23 17:41:04;2021-08-30;BA.3;;VOC;VOC;True;1488;0
3;2022-03-23 17:41:04;2021-09-06;B.1.351;Beta;VOC;;False;1490;0
3;2022-03-23 17:41:04;2021-09-06;P.1;Gamma;VOC;;False;1490;1
3;2022-03-23 17:41:04;2021-09-06;B.1.617.2;Delta;VOC;VOC;False;1490;1487
3;2022-03-23 17:41:04;2021-09-06;B.1.1.529;Omicron;VOC;VOC;False;1490;0
3;2022-03-23 17:41:04;2021-09-06;B.1.640;;VUM;VUM;False;1490;0
3;2022-03-23 17:41:04;2021-09-06;XF;;VUM;;False;1490;0
3;2022-03-23 17:41:04;2021-09-06;XD;;VUM;VUM;False;1490;0
3;2022-03-23 17:41:04;2021-09-06;B.1.1.7;Alpha;DEV;;False;1490;2
3;2022-03-23 17:41:04;2021-09-06;B.1.621;Mu;DEV;;False;1490;0
3;2022-03-23 17:41:04;2021-09-06;C.37;Lambda;DEV;;False;1490;0
3;2022-03-23 17:41:04;2021-09-06;BA.1;;VOC;VOC;True;1490;0
3;2022-03-23 17:41:04;2021-09-06;BA.2;;VOC;VOC;True;1490;0
3;2022-03-23 17:41:04;2021-09-06;BA.3;;VOC;VOC;True;1490;0
3;2022-03-23 17:41:04;2021-09-13;B.1.351;Beta;VOC;;False;1490;0
3;2022-03-23 17:41:04;2021-09-13;P.1;Gamma;VOC;;False;1490;0
3;2022-03-23 17:41:04;2021-09-13;B.1.617.2;Delta;VOC;VOC;False;1490;1489
3;2022-03-23 17:41:04;2021-09-13;B.1.1.529;Omicron;VOC;VOC;False;1490;0
3;2022-03-23 17:41:04;2021-09-13;B.1.640;;VUM;VUM;False;1490;0
3;2022-03-23 17:41:04;2021-09-13;XF;;VUM;;False;1490;0
3;2022-03-23 17:41:04;2021-09-13;XD;;VUM;VUM;False;1490;0
3;2022-03-23 17:41:04;2021-09-13;B.1.1.7;Alpha;DEV;;False;1490;1
3;2022-03-23 17:41:04;2021-09-13;B.1.621;Mu;DEV;;False;1490;0
3;2022-03-23 17:41:04;2021-09-13;C.37;Lambda;DEV;;False;1490;0
3;2022-03-23 17:41:04;2021-09-13;BA.1;;VOC;VOC;True;1490;0
3;2022-03-23 17:41:04;2021-09-13;BA.2;;VOC;VOC;True;1490;0
3;2022-03-23 17:41:04;2021-09-13;BA.3;;VOC;VOC;True;1490;0
3;2022-03-23 17:41:04;2021-09-20;B.1.351;Beta;VOC;;False;1360;0
3;2022-03-23 17:41:04;2021-09-20;P.1;Gamma;VOC;;False;1360;0
3;2022-03-23 17:41:04;2021-09-20;B.1.617.2;Delta;VOC;VOC;False;1360;1359
3;2022-03-23 17:41:04;2021-09-20;B.1.1.529;Omicron;VOC;VOC;False;1360;0
3;2022-03-23 17:41:04;2021-09-20;B.1.640;;VUM;VUM;False;1360;0
3;2022-03-23 17:41:04;2021-09-20;XF;;VUM;;False;1360;0
3;2022-03-23 17:41:04;2021-09-20;XD;;VUM;VUM;False;1360;0
3;2022-03-23 17:41:04;2021-09-20;B.1.1.7;Alpha;DEV;;False;1360;0
3;2022-03-23 17:41:04;2021-09-20;B.1.621;Mu;DEV;;False;1360;0
3;2022-03-23 17:41:04;2021-09-20;C.37;Lambda;DEV;;False;1360;0
3;2022-03-23 17:41:04;2021-09-20;BA.1;;VOC;VOC;True;1360;0
3;2022-03-23 17:41:04;2021-09-20;BA.2;;VOC;VOC;True;1360;0
3;2022-03-23 17:41:04;2021-09-20;BA.3;;VOC;VOC;True;1360;0
3;2022-03-23 17:41:04;2021-09-27;B.1.351;Beta;VOC;;False;1193;0
3;2022-03-23 17:41:04;2021-09-27;P.1;Gamma;VOC;;False;1193;0
3;2022-03-23 17:41:04;2021-09-27;B.1.617.2;Delta;VOC;VOC;False;1193;1192
3;2022-03-23 17:41:04;2021-09-27;B.1.1.529;Omicron;VOC;VOC;False;1193;0
3;2022-03-23 17:41:04;2021-09-27;B.1.640;;VUM;VUM;False;1193;0
3;2022-03-23 17:41:04;2021-09-27;XF;;VUM;;False;1193;0
3;2022-03-23 17:41:04;2021-09-27;XD;;VUM;VUM;False;1193;0
3;2022-03-23 17:41:04;2021-09-27;B.1.1.7;Alpha;DEV;;False;1193;1
3;2022-03-23 17:41:04;2021-09-27;B.1.621;Mu;DEV;;False;1193;0
3;2022-03-23 17:41:04;2021-09-27;C.37;Lambda;DEV;;False;1193;0
3;2022-03-23 17:41:04;2021-09-27;BA.1;;VOC;VOC;True;1193;0
3;2022-03-23 17:41:04;2021-09-27;BA.2;;VOC;VOC;True;1193;0
3;2022-03-23 17:41:04;2021-09-27;BA.3;;VOC;VOC;True;1193;0
3;2022-03-23 17:41:04;2021-10-04;B.1.351;Beta;VOC;;False;1479;0
3;2022-03-23 17:41:04;2021-10-04;P.1;Gamma;VOC;;False;1479;0
3;2022-03-23 17:41:04;2021-10-04;B.1.617.2;Delta;VOC;VOC;False;1479;1479
3;2022-03-23 17:41:04;2021-10-04;B.1.1.529;Omicron;VOC;VOC;False;1479;0
3;2022-03-23 17:41:04;2021-10-04;B.1.640;;VUM;VUM;False;1479;0
3;2022-03-23 17:41:04;2021-10-04;XF;;VUM;;False;1479;0
3;2022-03-23 17:41:04;2021-10-04;XD;;VUM;VUM;False;1479;0
3;2022-03-23 17:41:04;2021-10-04;B.1.1.7;Alpha;DEV;;False;1479;0
3;2022-03-23 17:41:04;2021-10-04;B.1.621;Mu;DEV;;False;1479;0
3;2022-03-23 17:41:04;2021-10-04;C.37;Lambda;DEV;;False;1479;0
3;2022-03-23 17:41:04;2021-10-04;BA.1;;VOC;VOC;True;1479;0
3;2022-03-23 17:41:04;2021-10-04;BA.2;;VOC;VOC;True;1479;0
3;2022-03-23 17:41:04;2021-10-04;BA.3;;VOC;VOC;True;1479;0
3;2022-03-23 17:41:04;2021-10-11;B.1.351;Beta;VOC;;False;1674;0
3;2022-03-23 17:41:04;2021-10-11;P.1;Gamma;VOC;;False;1674;0
3;2022-03-23 17:41:04;2021-10-11;B.1.617.2;Delta;VOC;VOC;False;1674;1674
3;2022-03-23 17:41:04;2021-10-11;B.1.1.529;Omicron;VOC;VOC;False;1674;0
3;2022-03-23 17:41:04;2021-10-11;B.1.640;;VUM;VUM;False;1674;0
3;2022-03-23 17:41:04;2021-10-11;XF;;VUM;;False;1674;0
3;2022-03-23 17:41:04;2021-10-11;XD;;VUM;VUM;False;1674;0
3;2022-03-23 17:41:04;2021-10-11;B.1.1.7;Alpha;DEV;;False;1674;0
3;2022-03-23 17:41:04;2021-10-11;B.1.621;Mu;DEV;;False;1674;0
3;2022-03-23 17:41:04;2021-10-11;C.37;Lambda;DEV;;False;1674;0
3;2022-03-23 17:41:04;2021-10-11;BA.1;;VOC;VOC;True;1674;0
3;2022-03-23 17:41:04;2021-10-11;BA.2;;VOC;VOC;True;1674;0
3;2022-03-23 17:41:04;2021-10-11;BA.3;;VOC;VOC;True;1674;0
3;2022-03-23 17:41:04;2021-10-18;B.1.351;Beta;VOC;;False;1514;0
3;2022-03-23 17:41:04;2021-10-18;P.1;Gamma;VOC;;False;1514;0
3;2022-03-23 17:41:04;2021-10-18;B.1.617.2;Delta;VOC;VOC;False;1514;1514
3;2022-03-23 17:41:04;2021-10-18;B.1.1.529;Omicron;VOC;VOC;False;1514;0
3;2022-03-23 17:41:04;2021-10-18;B.1.640;;VUM;VUM;False;1514;0
3;2022-03-23 17:41:04;2021-10-18;XF;;VUM;;False;1514;0
3;2022-03-23 17:41:04;2021-10-18;XD;;VUM;VUM;False;1514;0
3;2022-03-23 17:41:04;2021-10-18;B.1.1.7;Alpha;DEV;;False;1514;0
3;2022-03-23 17:41:04;2021-10-18;B.1.621;Mu;DEV;;False;1514;0
3;2022-03-23 17:41:04;2021-10-18;C.37;Lambda;DEV;;False;1514;0
3;2022-03-23 17:41:04;2021-10-18;BA.1;;VOC;VOC;True;1514;0
3;2022-03-23 17:41:04;2021-10-18;BA.2;;VOC;VOC;True;1514;0
3;2022-03-23 17:41:04;2021-10-18;BA.3;;VOC;VOC;True;1514;0
3;2022-03-23 17:41:04;2021-10-25;B.1.351;Beta;VOC;;False;1913;0
3;2022-03-23 17:41:04;2021-10-25;P.1;Gamma;VOC;;False;1913;0
3;2022-03-23 17:41:04;2021-10-25;B.1.617.2;Delta;VOC;VOC;False;1913;1912
3;2022-03-23 17:41:04;2021-10-25;B.1.1.529;Omicron;VOC;VOC;False;1913;0
3;2022-03-23 17:41:04;2021-10-25;B.1.640;;VUM;VUM;False;1913;1
3;2022-03-23 17:41:04;2021-10-25;XF;;VUM;;False;1913;0
3;2022-03-23 17:41:04;2021-10-25;XD;;VUM;VUM;False;1913;0
3;2022-03-23 17:41:04;2021-10-25;B.1.1.7;Alpha;DEV;;False;1913;0
3;2022-03-23 17:41:04;2021-10-25;B.1.621;Mu;DEV;;False;1913;0
3;2022-03-23 17:41:04;2021-10-25;C.37;Lambda;DEV;;False;1913;0
3;2022-03-23 17:41:04;2021-10-25;BA.1;;VOC;VOC;True;1913;0
3;2022-03-23 17:41:04;2021-10-25;BA.2;;VOC;VOC;True;1913;0
3;2022-03-23 17:41:04;2021-10-25;BA.3;;VOC;VOC;True;1913;0
3;2022-03-23 17:41:04;2021-11-01;B.1.351;Beta;VOC;;False;1994;0
3;2022-03-23 17:41:04;2021-11-01;P.1;Gamma;VOC;;False;1994;0
3;2022-03-23 17:41:04;2021-11-01;B.1.617.2;Delta;VOC;VOC;False;1994;1994
3;2022-03-23 17:41:04;2021-11-01;B.1.1.529;Omicron;VOC;VOC;False;1994;0
3;2022-03-23 17:41:04;2021-11-01;B.1.640;;VUM;VUM;False;1994;0
3;2022-03-23 17:41:04;2021-11-01;XF;;VUM;;False;1994;0
3;2022-03-23 17:41:04;2021-11-01;XD;;VUM;VUM;False;1994;0
3;2022-03-23 17:41:04;2021-11-01;B.1.1.7;Alpha;DEV;;False;1994;0
3;2022-03-23 17:41:04;2021-11-01;B.1.621;Mu;DEV;;False;1994;0
3;2022-03-23 17:41:04;2021-11-01;C.37;Lambda;DEV;;False;1994;0
3;2022-03-23 17:41:04;2021-11-01;BA.1;;VOC;VOC;True;1994;0
3;2022-03-23 17:41:04;2021-11-01;BA.2;;VOC;VOC;True;1994;0
3;2022-03-23 17:41:04;2021-11-01;BA.3;;VOC;VOC;True;1994;0
3;2022-03-23 17:41:04;2021-11-08;B.1.351;Beta;VOC;;False;1804;0
3;2022-03-23 17:41:04;2021-11-08;P.1;Gamma;VOC;;False;1804;0
3;2022-03-23 17:41:04;2021-11-08;B.1.617.2;Delta;VOC;VOC;False;1804;1804
3;2022-03-23 17:41:04;2021-11-08;B.1.1.529;Omicron;VOC;VOC;False;1804;0
3;2022-03-23 17:41:04;2021-11-08;B.1.640;;VUM;VUM;False;1804;0
3;2022-03-23 17:41:04;2021-11-08;XF;;VUM;;False;1804;0
3;2022-03-23 17:41:04;2021-11-08;XD;;VUM;VUM;False;1804;0
3;2022-03-23 17:41:04;2021-11-08;B.1.1.7;Alpha;DEV;;False;1804;0
3;2022-03-23 17:41:04;2021-11-08;B.1.621;Mu;DEV;;False;1804;0
3;2022-03-23 17:41:04;2021-11-08;C.37;Lambda;DEV;;False;1804;0
3;2022-03-23 17:41:04;2021-11-08;BA.1;;VOC;VOC;True;1804;0
3;2022-03-23 17:41:04;2021-11-08;BA.2;;VOC;VOC;True;1804;0
3;2022-03-23 17:41:04;2021-11-08;BA.3;;VOC;VOC;True;1804;0
3;2022-03-23 17:41:04;2021-11-15;B.1.351;Beta;VOC;;False;1895;0
3;2022-03-23 17:41:04;2021-11-15;P.1;Gamma;VOC;;False;1895;0
3;2022-03-23 17:41:04;2021-11-15;B.1.617.2;Delta;VOC;VOC;False;1895;1895
3;2022-03-23 17:41:04;2021-11-15;B.1.1.529;Omicron;VOC;VOC;False;1895;0
3;2022-03-23 17:41:04;2021-11-15;B.1.640;;VUM;VUM;False;1895;0
3;2022-03-23 17:41:04;2021-11-15;XF;;VUM;;False;1895;0
3;2022-03-23 17:41:04;2021-11-15;XD;;VUM;VUM;False;1895;0
3;2022-03-23 17:41:04;2021-11-15;B.1.1.7;Alpha;DEV;;False;1895;0
3;2022-03-23 17:41:04;2021-11-15;B.1.621;Mu;DEV;;False;1895;0
3;2022-03-23 17:41:04;2021-11-15;C.37;Lambda;DEV;;False;1895;0
3;2022-03-23 17:41:04;2021-11-15;BA.1;;VOC;VOC;True;1895;0
3;2022-03-23 17:41:04;2021-11-15;BA.2;;VOC;VOC;True;1895;0
3;2022-03-23 17:41:04;2021-11-15;BA.3;;VOC;VOC;True;1895;0
3;2022-03-23 17:41:04;2021-11-22;B.1.351;Beta;VOC;;False;1927;0
3;2022-03-23 17:41:04;2021-11-22;P.1;Gamma;VOC;;False;1927;0
3;2022-03-23 17:41:04;2021-11-22;B.1.617.2;Delta;VOC;VOC;False;1927;1923
3;2022-03-23 17:41:04;2021-11-22;B.1.1.529;Omicron;VOC;VOC;False;1927;4
3;2022-03-23 17:41:04;2021-11-22;B.1.640;;VUM;VUM;False;1927;0
3;2022-03-23 17:41:04;2021-11-22;XF;;VUM;;False;1927;0
3;2022-03-23 17:41:04;2021-11-22;XD;;VUM;VUM;False;1927;0
3;2022-03-23 17:41:04;2021-11-22;B.1.1.7;Alpha;DEV;;False;1927;0
3;2022-03-23 17:41:04;2021-11-22;B.1.621;Mu;DEV;;False;1927;0
3;2022-03-23 17:41:04;2021-11-22;C.37;Lambda;DEV;;False;1927;0
3;2022-03-23 17:41:04;2021-11-22;BA.1;;VOC;VOC;True;1927;4
3;2022-03-23 17:41:04;2021-11-22;BA.2;;VOC;VOC;True;1927;0
3;2022-03-23 17:41:04;2021-11-22;BA.3;;VOC;VOC;True;1927;0
3;2022-03-23 17:41:04;2021-11-29;B.1.351;Beta;VOC;;False;1899;0
3;2022-03-23 17:41:04;2021-11-29;P.1;Gamma;VOC;;False;1899;0
3;2022-03-23 17:41:04;2021-11-29;B.1.617.2;Delta;VOC;VOC;False;1899;1888
3;2022-03-23 17:41:04;2021-11-29;B.1.1.529;Omicron;VOC;VOC;False;1899;11
3;2022-03-23 17:41:04;2021-11-29;B.1.640;;VUM;VUM;False;1899;0
3;2022-03-23 17:41:04;2021-11-29;XF;;VUM;;False;1899;0
3;2022-03-23 17:41:04;2021-11-29;XD;;VUM;VUM;False;1899;0
3;2022-03-23 17:41:04;2021-11-29;B.1.1.7;Alpha;DEV;;False;1899;0
3;2022-03-23 17:41:04;2021-11-29;B.1.621;Mu;DEV;;False;1899;0
3;2022-03-23 17:41:04;2021-11-29;C.37;Lambda;DEV;;False;1899;0
3;2022-03-23 17:41:04;2021-11-29;BA.1;;VOC;VOC;True;1899;11
3;2022-03-23 17:41:04;2021-11-29;BA.2;;VOC;VOC;True;1899;0
3;2022-03-23 17:41:04;2021-11-29;BA.3;;VOC;VOC;True;1899;0
3;2022-03-23 17:41:04;2021-12-06;B.1.351;Beta;VOC;;False;1880;0
3;2022-03-23 17:41:04;2021-12-06;P.1;Gamma;VOC;;False;1880;0
3;2022-03-23 17:41:04;2021-12-06;B.1.617.2;Delta;VOC;VOC;False;1880;1851
3;2022-03-23 17:41:04;2021-12-06;B.1.1.529;Omicron;VOC;VOC;False;1880;28
3;2022-03-23 17:41:04;2021-12-06;B.1.640;;VUM;VUM;False;1880;0
3;2022-03-23 17:41:04;2021-12-06;XF;;VUM;;False;1880;0
3;2022-03-23 17:41:04;2021-12-06;XD;;VUM;VUM;False;1880;0
3;2022-03-23 17:41:04;2021-12-06;B.1.1.7;Alpha;DEV;;False;1880;0
3;2022-03-23 17:41:04;2021-12-06;B.1.621;Mu;DEV;;False;1880;0
3;2022-03-23 17:41:04;2021-12-06;C.37;Lambda;DEV;;False;1880;0
3;2022-03-23 17:41:04;2021-12-06;BA.1;;VOC;VOC;True;1880;28
3;2022-03-23 17:41:04;2021-12-06;BA.2;;VOC;VOC;True;1880;0
3;2022-03-23 17:41:04;2021-12-06;BA.3;;VOC;VOC;True;1880;0
3;2022-03-23 17:41:04;2021-12-13;B.1.351;Beta;VOC;;False;1864;0
3;2022-03-23 17:41:04;2021-12-13;P.1;Gamma;VOC;;False;1864;0
3;2022-03-23 17:41:04;2021-12-13;B.1.617.2;Delta;VOC;VOC;False;1864;1695
3;2022-03-23 17:41:04;2021-12-13;B.1.1.529;Omicron;VOC;VOC;False;1864;168
3;2022-03-23 17:41:04;2021-12-13;B.1.640;;VUM;VUM;False;1864;0
3;2022-03-23 17:41:04;2021-12-13;XF;;VUM;;False;1864;0
3;2022-03-23 17:41:04;2021-12-13;XD;;VUM;VUM;False;1864;0
3;2022-03-23 17:41:04;2021-12-13;B.1.1.7;Alpha;DEV;;False;1864;0
3;2022-03-23 17:41:04;2021-12-13;B.1.621;Mu;DEV;;False;1864;0
3;2022-03-23 17:41:04;2021-12-13;C.37;Lambda;DEV;;False;1864;0
3;2022-03-23 17:41:04;2021-12-13;BA.1;;VOC;VOC;True;1864;168
3;2022-03-23 17:41:04;2021-12-13;BA.2;;VOC;VOC;True;1864;0
3;2022-03-23 17:41:04;2021-12-13;BA.3;;VOC;VOC;True;1864;0
3;2022-03-23 17:41:04;2021-12-20;B.1.351;Beta;VOC;;False;1621;0
3;2022-03-23 17:41:04;2021-12-20;P.1;Gamma;VOC;;False;1621;0
3;2022-03-23 17:41:04;2021-12-20;B.1.617.2;Delta;VOC;VOC;False;1621;1157
3;2022-03-23 17:41:04;2021-12-20;B.1.1.529;Omicron;VOC;VOC;False;1621;463
3;2022-03-23 17:41:04;2021-12-20;B.1.640;;VUM;VUM;False;1621;0
3;2022-03-23 17:41:04;2021-12-20;XF;;VUM;;False;1621;0
3;2022-03-23 17:41:04;2021-12-20;XD;;VUM;VUM;False;1621;0
3;2022-03-23 17:41:04;2021-12-20;B.1.1.7;Alpha;DEV;;False;1621;0
3;2022-03-23 17:41:04;2021-12-20;B.1.621;Mu;DEV;;False;1621;0
3;2022-03-23 17:41:04;2021-12-20;C.37;Lambda;DEV;;False;1621;0
3;2022-03-23 17:41:04;2021-12-20;BA.1;;VOC;VOC;True;1621;462
3;2022-03-23 17:41:04;2021-12-20;BA.2;;VOC;VOC;True;1621;1
3;2022-03-23 17:41:04;2021-12-20;BA.3;;VOC;VOC;True;1621;0
3;2022-03-23 17:41:04;2021-12-27;B.1.351;Beta;VOC;;False;1846;0
3;2022-03-23 17:41:04;2021-12-27;P.1;Gamma;VOC;;False;1846;0
3;2022-03-23 17:41:04;2021-12-27;B.1.617.2;Delta;VOC;VOC;False;1846;648
3;2022-03-23 17:41:04;2021-12-27;B.1.1.529;Omicron;VOC;VOC;False;1846;1198
3;2022-03-23 17:41:04;2021-12-27;B.1.640;;VUM;VUM;False;1846;0
3;2022-03-23 17:41:04;2021-12-27;XF;;VUM;;False;1846;0
3;2022-03-23 17:41:04;2021-12-27;XD;;VUM;VUM;False;1846;0
3;2022-03-23 17:41:04;2021-12-27;B.1.1.7;Alpha;DEV;;False;1846;0
3;2022-03-23 17:41:04;2021-12-27;B.1.621;Mu;DEV;;False;1846;0
3;2022-03-23 17:41:04;2021-12-27;C.37;Lambda;DEV;;False;1846;0
3;2022-03-23 17:41:04;2021-12-27;BA.1;;VOC;VOC;True;1846;1194
3;2022-03-23 17:41:04;2021-12-27;BA.2;;VOC;VOC;True;1846;4
3;2022-03-23 17:41:04;2021-12-27;BA.3;;VOC;VOC;True;1846;0
3;2022-03-23 17:41:04;2022-01-03;B.1.351;Beta;VOC;;False;2080;0
3;2022-03-23 17:41:04;2022-01-03;P.1;Gamma;VOC;;False;2080;0
3;2022-03-23 17:41:04;2022-01-03;B.1.617.2;Delta;VOC;VOC;False;2080;263
3;2022-03-23 17:41:04;2022-01-03;B.1.1.529;Omicron;VOC;VOC;False;2080;1817
3;2022-03-23 17:41:04;2022-01-03;B.1.640;;VUM;VUM;False;2080;0
3;2022-03-23 17:41:04;2022-01-03;XF;;VUM;;False;2080;0
3;2022-03-23 17:41:04;2022-01-03;XD;;VUM;VUM;False;2080;0
3;2022-03-23 17:41:04;2022-01-03;B.1.1.7;Alpha;DEV;;False;2080;0
3;2022-03-23 17:41:04;2022-01-03;B.1.621;Mu;DEV;;False;2080;0
3;2022-03-23 17:41:04;2022-01-03;C.37;Lambda;DEV;;False;2080;0
3;2022-03-23 17:41:04;2022-01-03;BA.1;;VOC;VOC;True;2080;1805
3;2022-03-23 17:41:04;2022-01-03;BA.2;;VOC;VOC;True;2080;12
3;2022-03-23 17:41:04;2022-01-03;BA.3;;VOC;VOC;True;2080;0
3;2022-03-23 17:41:04;2022-01-10;B.1.351;Beta;VOC;;False;2001;0
3;2022-03-23 17:41:04;2022-01-10;P.1;Gamma;VOC;;False;2001;0
3;2022-03-23 17:41:04;2022-01-10;B.1.617.2;Delta;VOC;VOC;False;2001;105
3;2022-03-23 17:41:04;2022-01-10;B.1.1.529;Omicron;VOC;VOC;False;2001;1896
3;2022-03-23 17:41:04;2022-01-10;B.1.640;;VUM;VUM;False;2001;0
3;2022-03-23 17:41:04;2022-01-10;XF;;VUM;;False;2001;0
3;2022-03-23 17:41:04;2022-01-10;XD;;VUM;VUM;False;2001;0
3;2022-03-23 17:41:04;2022-01-10;B.1.1.7;Alpha;DEV;;False;2001;0
3;2022-03-23 17:41:04;2022-01-10;B.1.621;Mu;DEV;;False;2001;0
3;2022-03-23 17:41:04;2022-01-10;C.37;Lambda;DEV;;False;2001;0
3;2022-03-23 17:41:04;2022-01-10;BA.1;;VOC;VOC;True;2001;1836
3;2022-03-23 17:41:04;2022-01-10;BA.2;;VOC;VOC;True;2001;60
3;2022-03-23 17:41:04;2022-01-10;BA.3;;VOC;VOC;True;2001;0
3;2022-03-23 17:41:04;2022-01-17;B.1.351;Beta;VOC;;False;2142;0
3;2022-03-23 17:41:04;2022-01-17;P.1;Gamma;VOC;;False;2142;0
3;2022-03-23 17:41:04;2022-01-17;B.1.617.2;Delta;VOC;VOC;False;2142;38
3;2022-03-23 17:41:04;2022-01-17;B.1.1.529;Omicron;VOC;VOC;False;2142;2104
3;2022-03-23 17:41:04;2022-01-17;B.1.640;;VUM;VUM;False;2142;0
3;2022-03-23 17:41:04;2022-01-17;XF;;VUM;;False;2142;0
3;2022-03-23 17:41:04;2022-01-17;XD;;VUM;VUM;False;2142;0
3;2022-03-23 17:41:04;2022-01-17;B.1.1.7;Alpha;DEV;;False;2142;0
3;2022-03-23 17:41:04;2022-01-17;B.1.621;Mu;DEV;;False;2142;0
3;2022-03-23 17:41:04;2022-01-17;C.37;Lambda;DEV;;False;2142;0
3;2022-03-23 17:41:04;2022-01-17;BA.1;;VOC;VOC;True;2142;2014
3;2022-03-23 17:41:04;2022-01-17;BA.2;;VOC;VOC;True;2142;90
3;2022-03-23 17:41:04;2022-01-17;BA.3;;VOC;VOC;True;2142;0
3;2022-03-23 17:41:04;2022-01-24;B.1.351;Beta;VOC;;False;1670;0
3;2022-03-23 17:41:04;2022-01-24;P.1;Gamma;VOC;;False;1670;0
3;2022-03-23 17:41:04;2022-01-24;B.1.617.2;Delta;VOC;VOC;False;1670;20
3;2022-03-23 17:41:04;2022-01-24;B.1.1.529;Omicron;VOC;VOC;False;1670;1650
3;2022-03-23 17:41:04;2022-01-24;B.1.640;;VUM;VUM;False;1670;0
3;2022-03-23 17:41:04;2022-01-24;XF;;VUM;;False;1670;0
3;2022-03-23 17:41:04;2022-01-24;XD;;VUM;VUM;False;1670;0
3;2022-03-23 17:41:04;2022-01-24;B.1.1.7;Alpha;DEV;;False;1670;0
3;2022-03-23 17:41:04;2022-01-24;B.1.621;Mu;DEV;;False;1670;0
3;2022-03-23 17:41:04;2022-01-24;C.37;Lambda;DEV;;False;1670;0
3;2022-03-23 17:41:04;2022-01-24;BA.1;;VOC;VOC;True;1670;1516
3;2022-03-23 17:41:04;2022-01-24;BA.2;;VOC;VOC;True;1670;134
3;2022-03-23 17:41:04;2022-01-24;BA.3;;VOC;VOC;True;1670;0
3;2022-03-23 17:41:04;2022-01-31;B.1.351;Beta;VOC;;False;1900;0
3;2022-03-23 17:41:04;2022-01-31;P.1;Gamma;VOC;;False;1900;0
3;2022-03-23 17:41:04;2022-01-31;B.1.617.2;Delta;VOC;VOC;False;1900;10
3;2022-03-23 17:41:04;2022-01-31;B.1.1.529;Omicron;VOC;VOC;False;1900;1889
3;2022-03-23 17:41:04;2022-01-31;B.1.640;;VUM;VUM;False;1900;0
3;2022-03-23 17:41:04;2022-01-31;XF;;VUM;;False;1900;0
3;2022-03-23 17:41:04;2022-01-31;XD;;VUM;VUM;False;1900;0
3;2022-03-23 17:41:04;2022-01-31;B.1.1.7;Alpha;DEV;;False;1900;0
3;2022-03-23 17:41:04;2022-01-31;B.1.621;Mu;DEV;;False;1900;0
3;2022-03-23 17:41:04;2022-01-31;C.37;Lambda;DEV;;False;1900;0
3;2022-03-23 17:41:04;2022-01-31;BA.1;;VOC;VOC;True;1900;1562
3;2022-03-23 17:41:04;2022-01-31;BA.2;;VOC;VOC;True;1900;327
3;2022-03-23 17:41:04;2022-01-31;BA.3;;VOC;VOC;True;1900;0
3;2022-03-23 17:41:04;2022-02-07;B.1.351;Beta;VOC;;False;1750;0
3;2022-03-23 17:41:04;2022-02-07;P.1;Gamma;VOC;;False;1750;0
3;2022-03-23 17:41:04;2022-02-07;B.1.617.2;Delta;VOC;VOC;False;1750;1
3;2022-03-23 17:41:04;2022-02-07;B.1.1.529;Omicron;VOC;VOC;False;1750;1748
3;2022-03-23 17:41:04;2022-02-07;B.1.640;;VUM;VUM;False;1750;0
3;2022-03-23 17:41:04;2022-02-07;XF;;VUM;;False;1750;0
3;2022-03-23 17:41:04;2022-02-07;XD;;VUM;VUM;False;1750;0
3;2022-03-23 17:41:04;2022-02-07;B.1.1.7;Alpha;DEV;;False;1750;0
3;2022-03-23 17:41:04;2022-02-07;B.1.621;Mu;DEV;;False;1750;0
3;2022-03-23 17:41:04;2022-02-07;C.37;Lambda;DEV;;False;1750;0
3;2022-03-23 17:41:04;2022-02-07;BA.1;;VOC;VOC;True;1750;1324
3;2022-03-23 17:41:04;2022-02-07;BA.2;;VOC;VOC;True;1750;424
3;2022-03-23 17:41:04;2022-02-07;BA.3;;VOC;VOC;True;1750;0
3;2022-03-23 17:41:04;2022-02-14;B.1.351;Beta;VOC;;False;1779;0
3;2022-03-23 17:41:04;2022-02-14;P.1;Gamma;VOC;;False;1779;0
3;2022-03-23 17:41:04;2022-02-14;B.1.617.2;Delta;VOC;VOC;False;1779;1
3;2022-03-23 17:41:04;2022-02-14;B.1.1.529;Omicron;VOC;VOC;False;1779;1772
3;2022-03-23 17:41:04;2022-02-14;B.1.640;;VUM;VUM;False;1779;0
3;2022-03-23 17:41:04;2022-02-14;XF;;VUM;;False;1779;0
3;2022-03-23 17:41:04;2022-02-14;XD;;VUM;VUM;False;1779;0
3;2022-03-23 17:41:04;2022-02-14;B.1.1.7;Alpha;DEV;;False;1779;0
3;2022-03-23 17:41:04;2022-02-14;B.1.621;Mu;DEV;;False;1779;0
3;2022-03-23 17:41:04;2022-02-14;C.37;Lambda;DEV;;False;1779;0
3;2022-03-23 17:41:04;2022-02-14;BA.1;;VOC;VOC;True;1779;1114
3;2022-03-23 17:41:04;2022-02-14;BA.2;;VOC;VOC;True;1779;658
3;2022-03-23 17:41:04;2022-02-14;BA.3;;VOC;VOC;True;1779;0
3;2022-03-23 17:41:04;2022-02-21;B.1.351;Beta;VOC;;False;1662;0
3;2022-03-23 17:41:04;2022-02-21;P.1;Gamma;VOC;;False;1662;0
3;2022-03-23 17:41:04;2022-02-21;B.1.617.2;Delta;VOC;VOC;False;1662;0
3;2022-03-23 17:41:04;2022-02-21;B.1.1.529;Omicron;VOC;VOC;False;1662;1659
3;2022-03-23 17:41:04;2022-02-21;B.1.640;;VUM;VUM;False;1662;0
3;2022-03-23 17:41:04;2022-02-21;XF;;VUM;;False;1662;0
3;2022-03-23 17:41:04;2022-02-21;XD;;VUM;VUM;False;1662;0
3;2022-03-23 17:41:04;2022-02-21;B.1.1.7;Alpha;DEV;;False;1662;0
3;2022-03-23 17:41:04;2022-02-21;B.1.621;Mu;DEV;;False;1662;0
3;2022-03-23 17:41:04;2022-02-21;C.37;Lambda;DEV;;False;1662;0
3;2022-03-23 17:41:04;2022-02-21;BA.1;;VOC;VOC;True;1662;786
3;2022-03-23 17:41:04;2022-02-21;BA.2;;VOC;VOC;True;1662;871
3;2022-03-23 17:41:04;2022-02-21;BA.3;;VOC;VOC;True;1662;2
3;2022-03-23 17:41:04;2022-02-28;B.1.351;Beta;VOC;;False;1555;0
3;2022-03-23 17:41:04;2022-02-28;P.1;Gamma;VOC;;False;1555;0
3;2022-03-23 17:41:04;2022-02-28;B.1.617.2;Delta;VOC;VOC;False;1555;0
3;2022-03-23 17:41:04;2022-02-28;B.1.1.529;Omicron;VOC;VOC;False;1555;1551
3;2022-03-23 17:41:04;2022-02-28;B.1.640;;VUM;VUM;False;1555;0
3;2022-03-23 17:41:04;2022-02-28;XF;;VUM;;False;1555;0
3;2022-03-23 17:41:04;2022-02-28;XD;;VUM;VUM;False;1555;0
3;2022-03-23 17:41:04;2022-02-28;B.1.1.7;Alpha;DEV;;False;1555;0
3;2022-03-23 17:41:04;2022-02-28;B.1.621;Mu;DEV;;False;1555;0
3;2022-03-23 17:41:04;2022-02-28;C.37;Lambda;DEV;;False;1555;0
3;2022-03-23 17:41:04;2022-02-28;BA.1;;VOC;VOC;True;1555;449
3;2022-03-23 17:41:04;2022-02-28;BA.2;;VOC;VOC;True;1555;1102
3;2022-03-23 17:41:04;2022-02-28;BA.3;;VOC;VOC;True;1555;0
3;2022-03-23 17:41:04;2022-03-07;B.1.351;Beta;VOC;;False;1080;0
3;2022-03-23 17:41:04;2022-03-07;P.1;Gamma;VOC;;False;1080;0
3;2022-03-23 17:41:04;2022-03-07;B.1.617.2;Delta;VOC;VOC;False;1080;0
3;2022-03-23 17:41:04;2022-03-07;B.1.1.529;Omicron;VOC;VOC;False;1080;1074
3;2022-03-23 17:41:04;2022-03-07;B.1.640;;VUM;VUM;False;1080;0
3;2022-03-23 17:41:04;2022-03-07;XF;;VUM;;False;1080;0
3;2022-03-23 17:41:04;2022-03-07;XD;;VUM;VUM;False;1080;0
3;2022-03-23 17:41:04;2022-03-07;B.1.1.7;Alpha;DEV;;False;1080;0
3;2022-03-23 17:41:04;2022-03-07;B.1.621;Mu;DEV;;False;1080;0
3;2022-03-23 17:41:04;2022-03-07;C.37;Lambda;DEV;;False;1080;0
3;2022-03-23 17:41:04;2022-03-07;BA.1;;VOC;VOC;True;1080;221
3;2022-03-23 17:41:04;2022-03-07;BA.2;;VOC;VOC;True;1080;853
3;2022-03-23 17:41:04;2022-03-07;BA.3;;VOC;VOC;True;1080;0
