Version;Date_of_report;Date_of_statistics_week_start;Age_group;Hospital_admission_notification;Hospital_admission;IC_admission_notification;IC_admission
1;2022-03-23 00:30:00;2020-02-24;0-14;0;0;0;0
1;2022-03-23 00:30:00;2020-02-24;15-19;0;0;0;0
1;2022-03-23 00:30:00;2020-02-24;20-24;0;0;0;0
1;2022-03-23 00:30:00;2020-02-24;25-29;0;0;0;0
1;2022-03-23 00:30:00;2020-02-24;30-34;0;1;0;0
1;2022-03-23 00:30:00;2020-02-24;35-39;0;1;0;0
1;2022-03-23 00:30:00;2020-02-24;40-44;0;0;0;0
1;2022-03-23 00:30:00;2020-02-24;45-49;0;1;0;0
1;2022-03-23 00:30:00;2020-02-24;50-54;0;1;0;0
1;2022-03-23 00:30:00;2020-02-24;55-59;0;2;0;1
1;2022-03-23 00:30:00;2020-02-24;60-64;0;2;0;0
1;2022-03-23 00:30:00;2020-02-24;65-69;0;1;0;0
1;2022-03-23 00:30:00;2020-02-24;70-74;0;1;0;0
1;2022-03-23 00:30:00;2020-02-24;75-79;0;3;0;1
1;2022-03-23 00:30:00;2020-02-24;80-84;0;1;0;0
1;2022-03-23 00:30:00;2020-02-24;85-89;0;2;0;0
1;2022-03-23 00:30:00;2020-02-24;90+;0;1;0;0
1;2022-03-23 00:30:00;2020-02-24;Unknown;0;0;0;0
1;2022-03-23 00:30:00;2020-03-02;0-14;0;0;0;0
1;2022-03-23 00:30:00;2020-03-02;15-19;0;0;0;0
1;2022-03-23 00:30:00;2020-03-02;20-24;0;0;0;0
1;2022-03-23 00:30:00;2020-03-02;25-29;0;0;0;0
1;2022-03-23 00:30:00;2020-03-02;30-34;0;0;0;0
1;2022-03-23 00:30:00;2020-03-02;35-39;0;1;0;1
1;2022-03-23 00:30:00;2020-03-02;40-44;0;1;0;0
1;2022-03-23 00:30:00;2020-03-02;45-49;0;5;0;1
1;2022-03-23 00:30:00;2020-03-02;50-54;0;2;0;0
1;2022-03-23 00:30:00;2020-03-02;55-59;0;7;0;3
1;2022-03-23 00:30:00;2020-03-02;60-64;0;9;0;2
1;2022-03-23 00:30:00;2020-03-02;65-69;0;14;0;3
1;2022-03-23 00:30:00;2020-03-02;70-74;0;13;0;2
1;2022-03-23 00:30:00;2020-03-02;75-79;0;15;0;5
1;2022-03-23 00:30:00;2020-03-02;80-84;0;10;0;0
1;2022-03-23 00:30:00;2020-03-02;85-89;0;15;0;1
1;2022-03-23 00:30:00;2020-03-02;90+;0;3;0;0
1;2022-03-23 00:30:00;2020-03-02;Unknown;0;0;0;0
1;2022-03-23 00:30:00;2020-03-09;0-14;0;5;0;0
1;2022-03-23 00:30:00;2020-03-09;15-19;0;1;0;1
1;2022-03-23 00:30:00;2020-03-09;20-24;0;1;0;0
1;2022-03-23 00:30:00;2020-03-09;25-29;0;4;0;1
1;2022-03-23 00:30:00;2020-03-09;30-34;0;1;0;0
1;2022-03-23 00:30:00;2020-03-09;35-39;0;5;0;2
1;2022-03-23 00:30:00;2020-03-09;40-44;0;8;0;3
1;2022-03-23 00:30:00;2020-03-09;45-49;0;16;0;6
1;2022-03-23 00:30:00;2020-03-09;50-54;0;27;0;5
1;2022-03-23 00:30:00;2020-03-09;55-59;0;32;0;12
1;2022-03-23 00:30:00;2020-03-09;60-64;0;30;0;10
1;2022-03-23 00:30:00;2020-03-09;65-69;0;53;0;22
1;2022-03-23 00:30:00;2020-03-09;70-74;0;58;0;16
1;2022-03-23 00:30:00;2020-03-09;75-79;0;64;0;14
1;2022-03-23 00:30:00;2020-03-09;80-84;0;65;0;11
1;2022-03-23 00:30:00;2020-03-09;85-89;0;38;0;1
1;2022-03-23 00:30:00;2020-03-09;90+;0;18;0;0
1;2022-03-23 00:30:00;2020-03-09;Unknown;0;7;0;7
1;2022-03-23 00:30:00;2020-03-16;0-14;0;7;0;0
1;2022-03-23 00:30:00;2020-03-16;15-19;0;1;0;0
1;2022-03-23 00:30:00;2020-03-16;20-24;0;5;0;0
1;2022-03-23 00:30:00;2020-03-16;25-29;0;13;0;4
1;2022-03-23 00:30:00;2020-03-16;30-34;0;23;0;7
1;2022-03-23 00:30:00;2020-03-16;35-39;0;17;0;5
1;2022-03-23 00:30:00;2020-03-16;40-44;0;30;0;4
1;2022-03-23 00:30:00;2020-03-16;45-49;0;55;0;14
1;2022-03-23 00:30:00;2020-03-16;50-54;0;104;0;35
1;2022-03-23 00:30:00;2020-03-16;55-59;0;138;0;44
1;2022-03-23 00:30:00;2020-03-16;60-64;0;131;0;48
1;2022-03-23 00:30:00;2020-03-16;65-69;0;210;0;74
1;2022-03-23 00:30:00;2020-03-16;70-74;0;247;0;90
1;2022-03-23 00:30:00;2020-03-16;75-79;0;288;0;75
1;2022-03-23 00:30:00;2020-03-16;80-84;0;219;0;19
1;2022-03-23 00:30:00;2020-03-16;85-89;0;160;0;7
1;2022-03-23 00:30:00;2020-03-16;90+;0;42;0;0
1;2022-03-23 00:30:00;2020-03-16;Unknown;0;0;0;0
1;2022-03-23 00:30:00;2020-03-23;0-14;9;9;0;0
1;2022-03-23 00:30:00;2020-03-23;15-19;4;7;2;1
1;2022-03-23 00:30:00;2020-03-23;20-24;6;9;2;2
1;2022-03-23 00:30:00;2020-03-23;25-29;19;19;7;4
1;2022-03-23 00:30:00;2020-03-23;30-34;28;34;12;5
1;2022-03-23 00:30:00;2020-03-23;35-39;38;56;10;5
1;2022-03-23 00:30:00;2020-03-23;40-44;55;68;17;15
1;2022-03-23 00:30:00;2020-03-23;45-49;100;122;44;29
1;2022-03-23 00:30:00;2020-03-23;50-54;207;240;88;60
1;2022-03-23 00:30:00;2020-03-23;55-59;268;307;134;87
1;2022-03-23 00:30:00;2020-03-23;60-64;312;347;151;106
1;2022-03-23 00:30:00;2020-03-23;65-69;384;384;216;140
1;2022-03-23 00:30:00;2020-03-23;70-74;483;542;232;159
1;2022-03-23 00:30:00;2020-03-23;75-79;481;529;190;113
1;2022-03-23 00:30:00;2020-03-23;80-84;286;352;51;21
1;2022-03-23 00:30:00;2020-03-23;85-89;166;212;9;2
1;2022-03-23 00:30:00;2020-03-23;90+;51;53;0;0
1;2022-03-23 00:30:00;2020-03-23;Unknown;7;0;7;0
1;2022-03-23 00:30:00;2020-03-30;0-14;10;6;0;0
1;2022-03-23 00:30:00;2020-03-30;15-19;6;6;1;1
1;2022-03-23 00:30:00;2020-03-30;20-24;6;9;0;0
1;2022-03-23 00:30:00;2020-03-30;25-29;16;19;2;2
1;2022-03-23 00:30:00;2020-03-30;30-34;31;25;6;6
1;2022-03-23 00:30:00;2020-03-30;35-39;53;48;11;13
1;2022-03-23 00:30:00;2020-03-30;40-44;64;59;12;13
1;2022-03-23 00:30:00;2020-03-30;45-49;117;119;28;28
1;2022-03-23 00:30:00;2020-03-30;50-54;197;177;40;46
1;2022-03-23 00:30:00;2020-03-30;55-59;264;227;74;75
1;2022-03-23 00:30:00;2020-03-30;60-64;326;317;103;110
1;2022-03-23 00:30:00;2020-03-30;65-69;333;295;104;105
1;2022-03-23 00:30:00;2020-03-30;70-74;463;358;149;136
1;2022-03-23 00:30:00;2020-03-30;75-79;432;337;81;81
1;2022-03-23 00:30:00;2020-03-30;80-84;299;214;11;12
1;2022-03-23 00:30:00;2020-03-30;85-89;217;143;1;0
1;2022-03-23 00:30:00;2020-03-30;90+;72;64;0;0
1;2022-03-23 00:30:00;2020-03-30;Unknown;0;0;0;0
1;2022-03-23 00:30:00;2020-04-06;0-14;5;4;0;0
1;2022-03-23 00:30:00;2020-04-06;15-19;3;1;0;0
1;2022-03-23 00:30:00;2020-04-06;20-24;17;15;4;4
1;2022-03-23 00:30:00;2020-04-06;25-29;22;15;3;1
1;2022-03-23 00:30:00;2020-04-06;30-34;26;20;3;4
1;2022-03-23 00:30:00;2020-04-06;35-39;29;18;7;4
1;2022-03-23 00:30:00;2020-04-06;40-44;42;32;14;11
1;2022-03-23 00:30:00;2020-04-06;45-49;100;83;23;21
1;2022-03-23 00:30:00;2020-04-06;50-54;150;115;35;29
1;2022-03-23 00:30:00;2020-04-06;55-59;203;175;61;52
1;2022-03-23 00:30:00;2020-04-06;60-64;227;203;78;66
1;2022-03-23 00:30:00;2020-04-06;65-69;224;179;70;62
1;2022-03-23 00:30:00;2020-04-06;70-74;241;187;54;53
1;2022-03-23 00:30:00;2020-04-06;75-79;259;189;29;27
1;2022-03-23 00:30:00;2020-04-06;80-84;204;140;8;8
1;2022-03-23 00:30:00;2020-04-06;85-89;118;96;1;1
1;2022-03-23 00:30:00;2020-04-06;90+;41;47;0;0
1;2022-03-23 00:30:00;2020-04-06;Unknown;0;0;0;0
1;2022-03-23 00:30:00;2020-04-13;0-14;6;6;0;0
1;2022-03-23 00:30:00;2020-04-13;15-19;2;1;1;1
1;2022-03-23 00:30:00;2020-04-13;20-24;8;4;2;2
1;2022-03-23 00:30:00;2020-04-13;25-29;6;8;0;0
1;2022-03-23 00:30:00;2020-04-13;30-34;14;15;2;4
1;2022-03-23 00:30:00;2020-04-13;35-39;15;21;1;2
1;2022-03-23 00:30:00;2020-04-13;40-44;28;22;9;6
1;2022-03-23 00:30:00;2020-04-13;45-49;58;44;14;13
1;2022-03-23 00:30:00;2020-04-13;50-54;90;88;32;25
1;2022-03-23 00:30:00;2020-04-13;55-59;127;86;23;25
1;2022-03-23 00:30:00;2020-04-13;60-64;142;116;42;38
1;2022-03-23 00:30:00;2020-04-13;65-69;145;92;31;28
1;2022-03-23 00:30:00;2020-04-13;70-74;148;106;36;31
1;2022-03-23 00:30:00;2020-04-13;75-79;170;112;24;19
1;2022-03-23 00:30:00;2020-04-13;80-84;113;77;6;6
1;2022-03-23 00:30:00;2020-04-13;85-89;113;70;0;0
1;2022-03-23 00:30:00;2020-04-13;90+;43;36;0;0
1;2022-03-23 00:30:00;2020-04-13;Unknown;0;0;0;0
1;2022-03-23 00:30:00;2020-04-20;0-14;4;3;0;0
1;2022-03-23 00:30:00;2020-04-20;15-19;1;0;0;0
1;2022-03-23 00:30:00;2020-04-20;20-24;10;9;1;1
1;2022-03-23 00:30:00;2020-04-20;25-29;10;6;0;0
1;2022-03-23 00:30:00;2020-04-20;30-34;16;10;2;1
1;2022-03-23 00:30:00;2020-04-20;35-39;17;11;1;0
1;2022-03-23 00:30:00;2020-04-20;40-44;27;16;2;2
1;2022-03-23 00:30:00;2020-04-20;45-49;47;29;5;5
1;2022-03-23 00:30:00;2020-04-20;50-54;68;45;12;12
1;2022-03-23 00:30:00;2020-04-20;55-59;84;58;19;18
1;2022-03-23 00:30:00;2020-04-20;60-64;97;80;26;26
1;2022-03-23 00:30:00;2020-04-20;65-69;86;63;21;21
1;2022-03-23 00:30:00;2020-04-20;70-74;107;65;24;22
1;2022-03-23 00:30:00;2020-04-20;75-79;114;64;11;13
1;2022-03-23 00:30:00;2020-04-20;80-84;86;58;3;3
1;2022-03-23 00:30:00;2020-04-20;85-89;72;44;1;1
1;2022-03-23 00:30:00;2020-04-20;90+;29;21;0;0
1;2022-03-23 00:30:00;2020-04-20;Unknown;0;0;0;0
1;2022-03-23 00:30:00;2020-04-27;0-14;1;0;0;0
1;2022-03-23 00:30:00;2020-04-27;15-19;0;0;0;0
1;2022-03-23 00:30:00;2020-04-27;20-24;3;3;1;1
1;2022-03-23 00:30:00;2020-04-27;25-29;5;7;1;1
1;2022-03-23 00:30:00;2020-04-27;30-34;9;5;2;1
1;2022-03-23 00:30:00;2020-04-27;35-39;9;6;0;1
1;2022-03-23 00:30:00;2020-04-27;40-44;10;10;2;3
1;2022-03-23 00:30:00;2020-04-27;45-49;23;21;3;3
1;2022-03-23 00:30:00;2020-04-27;50-54;44;36;11;9
1;2022-03-23 00:30:00;2020-04-27;55-59;35;42;7;8
1;2022-03-23 00:30:00;2020-04-27;60-64;58;43;19;21
1;2022-03-23 00:30:00;2020-04-27;65-69;56;32;15;15
1;2022-03-23 00:30:00;2020-04-27;70-74;58;45;12;13
1;2022-03-23 00:30:00;2020-04-27;75-79;70;51;9;10
1;2022-03-23 00:30:00;2020-04-27;80-84;41;29;1;0
1;2022-03-23 00:30:00;2020-04-27;85-89;40;38;0;0
1;2022-03-23 00:30:00;2020-04-27;90+;28;22;0;0
1;2022-03-23 00:30:00;2020-04-27;Unknown;0;0;0;0
1;2022-03-23 00:30:00;2020-05-04;0-14;3;2;0;0
1;2022-03-23 00:30:00;2020-05-04;15-19;5;4;0;1
1;2022-03-23 00:30:00;2020-05-04;20-24;2;2;1;1
1;2022-03-23 00:30:00;2020-05-04;25-29;10;3;0;0
1;2022-03-23 00:30:00;2020-05-04;30-34;11;8;2;2
1;2022-03-23 00:30:00;2020-05-04;35-39;14;8;1;1
1;2022-03-23 00:30:00;2020-05-04;40-44;11;4;2;1
1;2022-03-23 00:30:00;2020-05-04;45-49;41;19;4;4
1;2022-03-23 00:30:00;2020-05-04;50-54;63;26;8;7
1;2022-03-23 00:30:00;2020-05-04;55-59;66;29;5;4
1;2022-03-23 00:30:00;2020-05-04;60-64;73;33;8;7
1;2022-03-23 00:30:00;2020-05-04;65-69;51;25;8;7
1;2022-03-23 00:30:00;2020-05-04;70-74;53;28;6;6
1;2022-03-23 00:30:00;2020-05-04;75-79;52;26;2;1
1;2022-03-23 00:30:00;2020-05-04;80-84;65;35;2;3
1;2022-03-23 00:30:00;2020-05-04;85-89;48;25;1;1
1;2022-03-23 00:30:00;2020-05-04;90+;22;16;0;0
1;2022-03-23 00:30:00;2020-05-04;Unknown;0;0;0;0
1;2022-03-23 00:30:00;2020-05-11;0-14;2;2;0;0
1;2022-03-23 00:30:00;2020-05-11;15-19;0;0;1;0
1;2022-03-23 00:30:00;2020-05-11;20-24;1;2;0;0
1;2022-03-23 00:30:00;2020-05-11;25-29;3;3;0;1
1;2022-03-23 00:30:00;2020-05-11;30-34;5;3;0;0
1;2022-03-23 00:30:00;2020-05-11;35-39;7;5;2;0
1;2022-03-23 00:30:00;2020-05-11;40-44;3;6;0;0
1;2022-03-23 00:30:00;2020-05-11;45-49;9;8;2;3
1;2022-03-23 00:30:00;2020-05-11;50-54;15;14;3;3
1;2022-03-23 00:30:00;2020-05-11;55-59;17;21;6;6
1;2022-03-23 00:30:00;2020-05-11;60-64;29;24;8;6
1;2022-03-23 00:30:00;2020-05-11;65-69;23;15;7;7
1;2022-03-23 00:30:00;2020-05-11;70-74;25;22;4;3
1;2022-03-23 00:30:00;2020-05-11;75-79;31;24;4;4
1;2022-03-23 00:30:00;2020-05-11;80-84;33;26;0;1
1;2022-03-23 00:30:00;2020-05-11;85-89;24;19;0;0
1;2022-03-23 00:30:00;2020-05-11;90+;15;11;0;0
1;2022-03-23 00:30:00;2020-05-11;Unknown;0;0;0;0
1;2022-03-23 00:30:00;2020-05-18;0-14;3;3;0;0
1;2022-03-23 00:30:00;2020-05-18;15-19;0;1;0;0
1;2022-03-23 00:30:00;2020-05-18;20-24;1;0;0;0
1;2022-03-23 00:30:00;2020-05-18;25-29;4;3;0;0
1;2022-03-23 00:30:00;2020-05-18;30-34;4;3;1;0
1;2022-03-23 00:30:00;2020-05-18;35-39;7;3;1;1
1;2022-03-23 00:30:00;2020-05-18;40-44;4;2;0;0
1;2022-03-23 00:30:00;2020-05-18;45-49;10;8;2;0
1;2022-03-23 00:30:00;2020-05-18;50-54;21;10;4;3
1;2022-03-23 00:30:00;2020-05-18;55-59;17;9;7;6
1;2022-03-23 00:30:00;2020-05-18;60-64;14;18;0;2
1;2022-03-23 00:30:00;2020-05-18;65-69;12;9;6;2
1;2022-03-23 00:30:00;2020-05-18;70-74;29;24;6;5
1;2022-03-23 00:30:00;2020-05-18;75-79;18;16;0;2
1;2022-03-23 00:30:00;2020-05-18;80-84;22;15;2;2
1;2022-03-23 00:30:00;2020-05-18;85-89;20;18;0;1
1;2022-03-23 00:30:00;2020-05-18;90+;9;7;0;0
1;2022-03-23 00:30:00;2020-05-18;Unknown;0;0;0;0
1;2022-03-23 00:30:00;2020-05-25;0-14;1;0;0;0
1;2022-03-23 00:30:00;2020-05-25;15-19;0;0;0;0
1;2022-03-23 00:30:00;2020-05-25;20-24;1;1;0;0
1;2022-03-23 00:30:00;2020-05-25;25-29;4;3;0;0
1;2022-03-23 00:30:00;2020-05-25;30-34;3;3;0;0
1;2022-03-23 00:30:00;2020-05-25;35-39;4;2;0;0
1;2022-03-23 00:30:00;2020-05-25;40-44;6;3;0;0
1;2022-03-23 00:30:00;2020-05-25;45-49;13;8;2;1
1;2022-03-23 00:30:00;2020-05-25;50-54;12;8;2;4
1;2022-03-23 00:30:00;2020-05-25;55-59;19;16;3;3
1;2022-03-23 00:30:00;2020-05-25;60-64;23;14;4;2
1;2022-03-23 00:30:00;2020-05-25;65-69;18;13;2;1
1;2022-03-23 00:30:00;2020-05-25;70-74;22;15;3;3
1;2022-03-23 00:30:00;2020-05-25;75-79;31;21;4;1
1;2022-03-23 00:30:00;2020-05-25;80-84;16;16;0;0
1;2022-03-23 00:30:00;2020-05-25;85-89;19;9;1;0
1;2022-03-23 00:30:00;2020-05-25;90+;12;5;0;1
1;2022-03-23 00:30:00;2020-05-25;Unknown;0;0;0;0
1;2022-03-23 00:30:00;2020-06-01;0-14;0;0;0;0
1;2022-03-23 00:30:00;2020-06-01;15-19;0;0;0;0
1;2022-03-23 00:30:00;2020-06-01;20-24;0;0;0;0
1;2022-03-23 00:30:00;2020-06-01;25-29;1;2;0;0
1;2022-03-23 00:30:00;2020-06-01;30-34;2;1;1;2
1;2022-03-23 00:30:00;2020-06-01;35-39;1;2;0;0
1;2022-03-23 00:30:00;2020-06-01;40-44;3;3;1;1
1;2022-03-23 00:30:00;2020-06-01;45-49;5;6;0;1
1;2022-03-23 00:30:00;2020-06-01;50-54;8;8;5;3
1;2022-03-23 00:30:00;2020-06-01;55-59;6;3;3;3
1;2022-03-23 00:30:00;2020-06-01;60-64;13;9;1;1
1;2022-03-23 00:30:00;2020-06-01;65-69;11;8;4;5
1;2022-03-23 00:30:00;2020-06-01;70-74;12;10;1;3
1;2022-03-23 00:30:00;2020-06-01;75-79;14;9;2;2
1;2022-03-23 00:30:00;2020-06-01;80-84;12;13;2;2
1;2022-03-23 00:30:00;2020-06-01;85-89;6;6;1;1
1;2022-03-23 00:30:00;2020-06-01;90+;3;2;0;0
1;2022-03-23 00:30:00;2020-06-01;Unknown;0;0;0;0
1;2022-03-23 00:30:00;2020-06-08;0-14;0;1;0;0
1;2022-03-23 00:30:00;2020-06-08;15-19;1;1;0;0
1;2022-03-23 00:30:00;2020-06-08;20-24;1;1;0;0
1;2022-03-23 00:30:00;2020-06-08;25-29;0;0;0;0
1;2022-03-23 00:30:00;2020-06-08;30-34;2;2;1;0
1;2022-03-23 00:30:00;2020-06-08;35-39;3;1;0;0
1;2022-03-23 00:30:00;2020-06-08;40-44;1;2;1;1
1;2022-03-23 00:30:00;2020-06-08;45-49;2;1;2;0
1;2022-03-23 00:30:00;2020-06-08;50-54;3;1;2;2
1;2022-03-23 00:30:00;2020-06-08;55-59;11;10;2;1
1;2022-03-23 00:30:00;2020-06-08;60-64;5;3;0;0
1;2022-03-23 00:30:00;2020-06-08;65-69;3;3;3;2
1;2022-03-23 00:30:00;2020-06-08;70-74;7;5;3;2
1;2022-03-23 00:30:00;2020-06-08;75-79;7;6;1;1
1;2022-03-23 00:30:00;2020-06-08;80-84;8;7;0;1
1;2022-03-23 00:30:00;2020-06-08;85-89;2;3;0;0
1;2022-03-23 00:30:00;2020-06-08;90+;1;4;0;0
1;2022-03-23 00:30:00;2020-06-08;Unknown;0;0;0;0
1;2022-03-23 00:30:00;2020-06-15;0-14;3;4;0;0
1;2022-03-23 00:30:00;2020-06-15;15-19;0;1;0;0
1;2022-03-23 00:30:00;2020-06-15;20-24;0;1;0;0
1;2022-03-23 00:30:00;2020-06-15;25-29;0;0;0;0
1;2022-03-23 00:30:00;2020-06-15;30-34;2;1;0;0
1;2022-03-23 00:30:00;2020-06-15;35-39;1;1;0;0
1;2022-03-23 00:30:00;2020-06-15;40-44;0;1;0;0
1;2022-03-23 00:30:00;2020-06-15;45-49;2;2;1;1
1;2022-03-23 00:30:00;2020-06-15;50-54;2;1;0;0
1;2022-03-23 00:30:00;2020-06-15;55-59;7;7;2;2
1;2022-03-23 00:30:00;2020-06-15;60-64;0;0;0;0
1;2022-03-23 00:30:00;2020-06-15;65-69;3;1;1;1
1;2022-03-23 00:30:00;2020-06-15;70-74;3;2;1;1
1;2022-03-23 00:30:00;2020-06-15;75-79;2;3;0;0
1;2022-03-23 00:30:00;2020-06-15;80-84;7;5;2;1
1;2022-03-23 00:30:00;2020-06-15;85-89;3;1;0;0
1;2022-03-23 00:30:00;2020-06-15;90+;3;3;0;0
1;2022-03-23 00:30:00;2020-06-15;Unknown;0;0;0;0
1;2022-03-23 00:30:00;2020-06-22;0-14;2;2;0;0
1;2022-03-23 00:30:00;2020-06-22;15-19;0;0;0;0
1;2022-03-23 00:30:00;2020-06-22;20-24;0;0;0;0
1;2022-03-23 00:30:00;2020-06-22;25-29;0;3;0;1
1;2022-03-23 00:30:00;2020-06-22;30-34;0;1;0;0
1;2022-03-23 00:30:00;2020-06-22;35-39;2;1;0;0
1;2022-03-23 00:30:00;2020-06-22;40-44;4;4;1;1
1;2022-03-23 00:30:00;2020-06-22;45-49;0;2;0;0
1;2022-03-23 00:30:00;2020-06-22;50-54;3;3;1;1
1;2022-03-23 00:30:00;2020-06-22;55-59;3;4;1;1
1;2022-03-23 00:30:00;2020-06-22;60-64;3;2;0;0
1;2022-03-23 00:30:00;2020-06-22;65-69;0;1;0;0
1;2022-03-23 00:30:00;2020-06-22;70-74;6;3;3;1
1;2022-03-23 00:30:00;2020-06-22;75-79;1;2;0;0
1;2022-03-23 00:30:00;2020-06-22;80-84;4;3;0;0
1;2022-03-23 00:30:00;2020-06-22;85-89;2;1;0;0
1;2022-03-23 00:30:00;2020-06-22;90+;3;0;0;0
1;2022-03-23 00:30:00;2020-06-22;Unknown;0;0;0;0
1;2022-03-23 00:30:00;2020-06-29;0-14;1;1;0;0
1;2022-03-23 00:30:00;2020-06-29;15-19;0;0;0;0
1;2022-03-23 00:30:00;2020-06-29;20-24;0;0;0;0
1;2022-03-23 00:30:00;2020-06-29;25-29;2;1;1;0
1;2022-03-23 00:30:00;2020-06-29;30-34;1;2;0;0
1;2022-03-23 00:30:00;2020-06-29;35-39;0;0;0;0
1;2022-03-23 00:30:00;2020-06-29;40-44;0;0;0;0
1;2022-03-23 00:30:00;2020-06-29;45-49;2;1;1;1
1;2022-03-23 00:30:00;2020-06-29;50-54;1;3;1;3
1;2022-03-23 00:30:00;2020-06-29;55-59;3;2;1;1
1;2022-03-23 00:30:00;2020-06-29;60-64;1;1;0;0
1;2022-03-23 00:30:00;2020-06-29;65-69;1;3;0;0
1;2022-03-23 00:30:00;2020-06-29;70-74;0;0;0;0
1;2022-03-23 00:30:00;2020-06-29;75-79;3;1;0;0
1;2022-03-23 00:30:00;2020-06-29;80-84;6;2;1;0
1;2022-03-23 00:30:00;2020-06-29;85-89;0;1;0;0
1;2022-03-23 00:30:00;2020-06-29;90+;2;3;0;0
1;2022-03-23 00:30:00;2020-06-29;Unknown;0;0;0;0
1;2022-03-23 00:30:00;2020-07-06;0-14;1;1;0;0
1;2022-03-23 00:30:00;2020-07-06;15-19;0;0;0;0
1;2022-03-23 00:30:00;2020-07-06;20-24;0;0;0;0
1;2022-03-23 00:30:00;2020-07-06;25-29;0;0;0;0
1;2022-03-23 00:30:00;2020-07-06;30-34;1;0;0;1
1;2022-03-23 00:30:00;2020-07-06;35-39;0;0;0;0
1;2022-03-23 00:30:00;2020-07-06;40-44;1;1;0;0
1;2022-03-23 00:30:00;2020-07-06;45-49;1;1;1;1
1;2022-03-23 00:30:00;2020-07-06;50-54;2;4;1;0
1;2022-03-23 00:30:00;2020-07-06;55-59;0;1;0;1
1;2022-03-23 00:30:00;2020-07-06;60-64;1;1;0;1
1;2022-03-23 00:30:00;2020-07-06;65-69;5;2;2;2
1;2022-03-23 00:30:00;2020-07-06;70-74;1;1;0;0
1;2022-03-23 00:30:00;2020-07-06;75-79;2;3;0;0
1;2022-03-23 00:30:00;2020-07-06;80-84;2;5;0;0
1;2022-03-23 00:30:00;2020-07-06;85-89;3;3;0;0
1;2022-03-23 00:30:00;2020-07-06;90+;0;0;0;0
1;2022-03-23 00:30:00;2020-07-06;Unknown;0;0;0;0
1;2022-03-23 00:30:00;2020-07-13;0-14;1;0;0;0
1;2022-03-23 00:30:00;2020-07-13;15-19;1;1;0;0
1;2022-03-23 00:30:00;2020-07-13;20-24;1;0;0;0
1;2022-03-23 00:30:00;2020-07-13;25-29;0;0;0;0
1;2022-03-23 00:30:00;2020-07-13;30-34;1;1;1;0
1;2022-03-23 00:30:00;2020-07-13;35-39;1;1;0;0
1;2022-03-23 00:30:00;2020-07-13;40-44;5;1;0;0
1;2022-03-23 00:30:00;2020-07-13;45-49;8;3;0;0
1;2022-03-23 00:30:00;2020-07-13;50-54;9;1;0;0
1;2022-03-23 00:30:00;2020-07-13;55-59;11;5;2;0
1;2022-03-23 00:30:00;2020-07-13;60-64;16;5;4;0
1;2022-03-23 00:30:00;2020-07-13;65-69;14;2;3;0
1;2022-03-23 00:30:00;2020-07-13;70-74;14;4;2;2
1;2022-03-23 00:30:00;2020-07-13;75-79;21;4;1;1
1;2022-03-23 00:30:00;2020-07-13;80-84;28;2;0;0
1;2022-03-23 00:30:00;2020-07-13;85-89;16;2;1;0
1;2022-03-23 00:30:00;2020-07-13;90+;4;1;0;0
1;2022-03-23 00:30:00;2020-07-13;Unknown;0;0;0;0
1;2022-03-23 00:30:00;2020-07-20;0-14;0;0;0;0
1;2022-03-23 00:30:00;2020-07-20;15-19;1;0;0;0
1;2022-03-23 00:30:00;2020-07-20;20-24;0;1;0;1
1;2022-03-23 00:30:00;2020-07-20;25-29;1;1;0;0
1;2022-03-23 00:30:00;2020-07-20;30-34;2;1;1;1
1;2022-03-23 00:30:00;2020-07-20;35-39;1;2;0;1
1;2022-03-23 00:30:00;2020-07-20;40-44;1;1;1;1
1;2022-03-23 00:30:00;2020-07-20;45-49;2;1;0;0
1;2022-03-23 00:30:00;2020-07-20;50-54;5;4;0;1
1;2022-03-23 00:30:00;2020-07-20;55-59;6;7;0;0
1;2022-03-23 00:30:00;2020-07-20;60-64;5;7;1;1
1;2022-03-23 00:30:00;2020-07-20;65-69;3;4;2;1
1;2022-03-23 00:30:00;2020-07-20;70-74;5;8;1;1
1;2022-03-23 00:30:00;2020-07-20;75-79;0;3;1;0
1;2022-03-23 00:30:00;2020-07-20;80-84;1;4;0;1
1;2022-03-23 00:30:00;2020-07-20;85-89;3;1;0;0
1;2022-03-23 00:30:00;2020-07-20;90+;0;1;0;0
1;2022-03-23 00:30:00;2020-07-20;Unknown;0;0;0;0
1;2022-03-23 00:30:00;2020-07-27;0-14;0;1;0;0
1;2022-03-23 00:30:00;2020-07-27;15-19;1;0;0;0
1;2022-03-23 00:30:00;2020-07-27;20-24;3;1;0;0
1;2022-03-23 00:30:00;2020-07-27;25-29;3;1;0;0
1;2022-03-23 00:30:00;2020-07-27;30-34;2;1;0;0
1;2022-03-23 00:30:00;2020-07-27;35-39;8;2;1;0
1;2022-03-23 00:30:00;2020-07-27;40-44;8;9;2;2
1;2022-03-23 00:30:00;2020-07-27;45-49;6;3;0;0
1;2022-03-23 00:30:00;2020-07-27;50-54;18;5;2;1
1;2022-03-23 00:30:00;2020-07-27;55-59;26;6;1;2
1;2022-03-23 00:30:00;2020-07-27;60-64;31;6;0;1
1;2022-03-23 00:30:00;2020-07-27;65-69;30;9;1;2
1;2022-03-23 00:30:00;2020-07-27;70-74;45;7;2;2
1;2022-03-23 00:30:00;2020-07-27;75-79;39;6;1;1
1;2022-03-23 00:30:00;2020-07-27;80-84;45;9;3;3
1;2022-03-23 00:30:00;2020-07-27;85-89;29;3;0;0
1;2022-03-23 00:30:00;2020-07-27;90+;14;3;0;0
1;2022-03-23 00:30:00;2020-07-27;Unknown;0;0;0;0
1;2022-03-23 00:30:00;2020-08-03;0-14;2;0;0;0
1;2022-03-23 00:30:00;2020-08-03;15-19;0;0;0;0
1;2022-03-23 00:30:00;2020-08-03;20-24;1;0;0;0
1;2022-03-23 00:30:00;2020-08-03;25-29;7;7;1;1
1;2022-03-23 00:30:00;2020-08-03;30-34;1;1;0;0
1;2022-03-23 00:30:00;2020-08-03;35-39;4;2;0;0
1;2022-03-23 00:30:00;2020-08-03;40-44;8;4;0;0
1;2022-03-23 00:30:00;2020-08-03;45-49;13;5;2;3
1;2022-03-23 00:30:00;2020-08-03;50-54;13;10;3;3
1;2022-03-23 00:30:00;2020-08-03;55-59;16;7;3;1
1;2022-03-23 00:30:00;2020-08-03;60-64;28;13;4;4
1;2022-03-23 00:30:00;2020-08-03;65-69;17;9;3;4
1;2022-03-23 00:30:00;2020-08-03;70-74;24;11;4;1
1;2022-03-23 00:30:00;2020-08-03;75-79;29;11;0;0
1;2022-03-23 00:30:00;2020-08-03;80-84;29;11;1;1
1;2022-03-23 00:30:00;2020-08-03;85-89;13;4;0;0
1;2022-03-23 00:30:00;2020-08-03;90+;5;6;0;0
1;2022-03-23 00:30:00;2020-08-03;Unknown;0;0;0;0
1;2022-03-23 00:30:00;2020-08-10;0-14;1;1;0;0
1;2022-03-23 00:30:00;2020-08-10;15-19;1;1;0;0
1;2022-03-23 00:30:00;2020-08-10;20-24;0;0;0;0
1;2022-03-23 00:30:00;2020-08-10;25-29;3;5;0;1
1;2022-03-23 00:30:00;2020-08-10;30-34;2;2;0;0
1;2022-03-23 00:30:00;2020-08-10;35-39;3;5;1;2
1;2022-03-23 00:30:00;2020-08-10;40-44;2;2;0;0
1;2022-03-23 00:30:00;2020-08-10;45-49;6;7;3;2
1;2022-03-23 00:30:00;2020-08-10;50-54;5;8;2;3
1;2022-03-23 00:30:00;2020-08-10;55-59;9;10;1;1
1;2022-03-23 00:30:00;2020-08-10;60-64;15;10;5;5
1;2022-03-23 00:30:00;2020-08-10;65-69;21;25;4;6
1;2022-03-23 00:30:00;2020-08-10;70-74;17;22;3;4
1;2022-03-23 00:30:00;2020-08-10;75-79;9;8;1;1
1;2022-03-23 00:30:00;2020-08-10;80-84;13;17;2;1
1;2022-03-23 00:30:00;2020-08-10;85-89;8;9;0;0
1;2022-03-23 00:30:00;2020-08-10;90+;10;4;0;0
1;2022-03-23 00:30:00;2020-08-10;Unknown;0;0;0;0
1;2022-03-23 00:30:00;2020-08-17;0-14;0;1;0;0
1;2022-03-23 00:30:00;2020-08-17;15-19;0;0;0;0
1;2022-03-23 00:30:00;2020-08-17;20-24;2;0;1;0
1;2022-03-23 00:30:00;2020-08-17;25-29;3;1;1;0
1;2022-03-23 00:30:00;2020-08-17;30-34;3;4;0;0
1;2022-03-23 00:30:00;2020-08-17;35-39;5;3;3;1
1;2022-03-23 00:30:00;2020-08-17;40-44;5;2;0;1
1;2022-03-23 00:30:00;2020-08-17;45-49;9;9;2;2
1;2022-03-23 00:30:00;2020-08-17;50-54;10;8;3;3
1;2022-03-23 00:30:00;2020-08-17;55-59;20;16;4;4
1;2022-03-23 00:30:00;2020-08-17;60-64;17;19;4;5
1;2022-03-23 00:30:00;2020-08-17;65-69;15;12;7;4
1;2022-03-23 00:30:00;2020-08-17;70-74;21;16;6;5
1;2022-03-23 00:30:00;2020-08-17;75-79;3;6;0;0
1;2022-03-23 00:30:00;2020-08-17;80-84;15;10;2;3
1;2022-03-23 00:30:00;2020-08-17;85-89;9;7;0;0
1;2022-03-23 00:30:00;2020-08-17;90+;4;3;0;0
1;2022-03-23 00:30:00;2020-08-17;Unknown;0;0;0;0
1;2022-03-23 00:30:00;2020-08-24;0-14;1;1;0;0
1;2022-03-23 00:30:00;2020-08-24;15-19;1;1;0;0
1;2022-03-23 00:30:00;2020-08-24;20-24;1;1;0;0
1;2022-03-23 00:30:00;2020-08-24;25-29;3;2;0;0
1;2022-03-23 00:30:00;2020-08-24;30-34;1;3;0;0
1;2022-03-23 00:30:00;2020-08-24;35-39;7;6;0;0
1;2022-03-23 00:30:00;2020-08-24;40-44;4;2;0;0
1;2022-03-23 00:30:00;2020-08-24;45-49;2;2;0;2
1;2022-03-23 00:30:00;2020-08-24;50-54;9;12;4;3
1;2022-03-23 00:30:00;2020-08-24;55-59;5;4;1;1
1;2022-03-23 00:30:00;2020-08-24;60-64;13;10;4;2
1;2022-03-23 00:30:00;2020-08-24;65-69;6;4;2;1
1;2022-03-23 00:30:00;2020-08-24;70-74;10;11;1;3
1;2022-03-23 00:30:00;2020-08-24;75-79;5;5;1;1
1;2022-03-23 00:30:00;2020-08-24;80-84;7;6;1;1
1;2022-03-23 00:30:00;2020-08-24;85-89;6;8;0;1
1;2022-03-23 00:30:00;2020-08-24;90+;1;1;0;0
1;2022-03-23 00:30:00;2020-08-24;Unknown;0;0;0;0
1;2022-03-23 00:30:00;2020-08-31;0-14;1;1;0;0
1;2022-03-23 00:30:00;2020-08-31;15-19;0;1;0;0
1;2022-03-23 00:30:00;2020-08-31;20-24;1;4;0;0
1;2022-03-23 00:30:00;2020-08-31;25-29;1;3;0;0
1;2022-03-23 00:30:00;2020-08-31;30-34;2;1;0;0
1;2022-03-23 00:30:00;2020-08-31;35-39;2;4;0;0
1;2022-03-23 00:30:00;2020-08-31;40-44;4;7;2;2
1;2022-03-23 00:30:00;2020-08-31;45-49;8;11;3;1
1;2022-03-23 00:30:00;2020-08-31;50-54;14;19;2;3
1;2022-03-23 00:30:00;2020-08-31;55-59;8;10;3;4
1;2022-03-23 00:30:00;2020-08-31;60-64;9;10;1;1
1;2022-03-23 00:30:00;2020-08-31;65-69;6;9;0;0
1;2022-03-23 00:30:00;2020-08-31;70-74;8;12;3;4
1;2022-03-23 00:30:00;2020-08-31;75-79;6;12;1;2
1;2022-03-23 00:30:00;2020-08-31;80-84;8;8;1;0
1;2022-03-23 00:30:00;2020-08-31;85-89;5;5;1;0
1;2022-03-23 00:30:00;2020-08-31;90+;2;2;0;0
1;2022-03-23 00:30:00;2020-08-31;Unknown;0;0;0;0
1;2022-03-23 00:30:00;2020-09-07;0-14;0;1;0;0
1;2022-03-23 00:30:00;2020-09-07;15-19;2;3;0;0
1;2022-03-23 00:30:00;2020-09-07;20-24;4;2;0;0
1;2022-03-23 00:30:00;2020-09-07;25-29;4;5;0;0
1;2022-03-23 00:30:00;2020-09-07;30-34;1;2;0;0
1;2022-03-23 00:30:00;2020-09-07;35-39;6;8;1;1
1;2022-03-23 00:30:00;2020-09-07;40-44;4;5;1;1
1;2022-03-23 00:30:00;2020-09-07;45-49;13;22;2;3
1;2022-03-23 00:30:00;2020-09-07;50-54;8;11;2;3
1;2022-03-23 00:30:00;2020-09-07;55-59;9;17;3;2
1;2022-03-23 00:30:00;2020-09-07;60-64;13;21;1;4
1;2022-03-23 00:30:00;2020-09-07;65-69;14;20;2;3
1;2022-03-23 00:30:00;2020-09-07;70-74;14;28;5;7
1;2022-03-23 00:30:00;2020-09-07;75-79;16;25;5;7
1;2022-03-23 00:30:00;2020-09-07;80-84;8;19;0;0
1;2022-03-23 00:30:00;2020-09-07;85-89;4;6;0;0
1;2022-03-23 00:30:00;2020-09-07;90+;5;7;0;0
1;2022-03-23 00:30:00;2020-09-07;Unknown;0;0;0;0
1;2022-03-23 00:30:00;2020-09-14;0-14;2;4;0;0
1;2022-03-23 00:30:00;2020-09-14;15-19;2;2;0;0
1;2022-03-23 00:30:00;2020-09-14;20-24;2;2;0;0
1;2022-03-23 00:30:00;2020-09-14;25-29;10;10;1;1
1;2022-03-23 00:30:00;2020-09-14;30-34;9;10;0;1
1;2022-03-23 00:30:00;2020-09-14;35-39;8;12;0;0
1;2022-03-23 00:30:00;2020-09-14;40-44;14;20;2;2
1;2022-03-23 00:30:00;2020-09-14;45-49;22;23;5;5
1;2022-03-23 00:30:00;2020-09-14;50-54;24;27;4;2
1;2022-03-23 00:30:00;2020-09-14;55-59;32;37;3;4
1;2022-03-23 00:30:00;2020-09-14;60-64;27;36;7;7
1;2022-03-23 00:30:00;2020-09-14;65-69;39;53;9;12
1;2022-03-23 00:30:00;2020-09-14;70-74;49;57;11;10
1;2022-03-23 00:30:00;2020-09-14;75-79;33;47;5;5
1;2022-03-23 00:30:00;2020-09-14;80-84;27;38;2;4
1;2022-03-23 00:30:00;2020-09-14;85-89;8;18;0;0
1;2022-03-23 00:30:00;2020-09-14;90+;4;6;1;0
1;2022-03-23 00:30:00;2020-09-14;Unknown;0;0;0;0
1;2022-03-23 00:30:00;2020-09-21;0-14;11;17;0;0
1;2022-03-23 00:30:00;2020-09-21;15-19;3;3;0;1
1;2022-03-23 00:30:00;2020-09-21;20-24;1;5;1;1
1;2022-03-23 00:30:00;2020-09-21;25-29;14;16;2;2
1;2022-03-23 00:30:00;2020-09-21;30-34;12;12;2;1
1;2022-03-23 00:30:00;2020-09-21;35-39;15;14;2;3
1;2022-03-23 00:30:00;2020-09-21;40-44;29;30;3;3
1;2022-03-23 00:30:00;2020-09-21;45-49;26;29;2;4
1;2022-03-23 00:30:00;2020-09-21;50-54;46;46;8;8
1;2022-03-23 00:30:00;2020-09-21;55-59;54;56;11;10
1;2022-03-23 00:30:00;2020-09-21;60-64;54;60;8;10
1;2022-03-23 00:30:00;2020-09-21;65-69;57;63;20;17
1;2022-03-23 00:30:00;2020-09-21;70-74;81;94;25;22
1;2022-03-23 00:30:00;2020-09-21;75-79;66;77;19;10
1;2022-03-23 00:30:00;2020-09-21;80-84;50;61;5;3
1;2022-03-23 00:30:00;2020-09-21;85-89;36;43;0;0
1;2022-03-23 00:30:00;2020-09-21;90+;13;20;0;0
1;2022-03-23 00:30:00;2020-09-21;Unknown;0;0;0;0
1;2022-03-23 00:30:00;2020-09-28;0-14;13;11;0;0
1;2022-03-23 00:30:00;2020-09-28;15-19;5;6;1;0
1;2022-03-23 00:30:00;2020-09-28;20-24;10;11;0;0
1;2022-03-23 00:30:00;2020-09-28;25-29;14;9;0;0
1;2022-03-23 00:30:00;2020-09-28;30-34;9;15;2;2
1;2022-03-23 00:30:00;2020-09-28;35-39;16;15;3;3
1;2022-03-23 00:30:00;2020-09-28;40-44;32;28;6;6
1;2022-03-23 00:30:00;2020-09-28;45-49;55;50;13;12
1;2022-03-23 00:30:00;2020-09-28;50-54;57;67;10;8
1;2022-03-23 00:30:00;2020-09-28;55-59;81;87;14;17
1;2022-03-23 00:30:00;2020-09-28;60-64;72;74;15;13
1;2022-03-23 00:30:00;2020-09-28;65-69;80;93;15;18
1;2022-03-23 00:30:00;2020-09-28;70-74;114;115;20;18
1;2022-03-23 00:30:00;2020-09-28;75-79;88;90;18;18
1;2022-03-23 00:30:00;2020-09-28;80-84;90;98;4;5
1;2022-03-23 00:30:00;2020-09-28;85-89;39;50;0;0
1;2022-03-23 00:30:00;2020-09-28;90+;18;27;0;0
1;2022-03-23 00:30:00;2020-09-28;Unknown;0;0;0;0
1;2022-03-23 00:30:00;2020-10-05;0-14;11;13;0;0
1;2022-03-23 00:30:00;2020-10-05;15-19;4;2;0;0
1;2022-03-23 00:30:00;2020-10-05;20-24;9;7;0;0
1;2022-03-23 00:30:00;2020-10-05;25-29;8;16;1;1
1;2022-03-23 00:30:00;2020-10-05;30-34;23;23;2;3
1;2022-03-23 00:30:00;2020-10-05;35-39;22;26;4;4
1;2022-03-23 00:30:00;2020-10-05;40-44;33;37;6;6
1;2022-03-23 00:30:00;2020-10-05;45-49;39;43;9;8
1;2022-03-23 00:30:00;2020-10-05;50-54;97;110;18;18
1;2022-03-23 00:30:00;2020-10-05;55-59;97;114;15;13
1;2022-03-23 00:30:00;2020-10-05;60-64;110;131;33;33
1;2022-03-23 00:30:00;2020-10-05;65-69;120;122;34;28
1;2022-03-23 00:30:00;2020-10-05;70-74;155;185;36;35
1;2022-03-23 00:30:00;2020-10-05;75-79;137;156;24;26
1;2022-03-23 00:30:00;2020-10-05;80-84;125;141;7;9
1;2022-03-23 00:30:00;2020-10-05;85-89;70;70;2;3
1;2022-03-23 00:30:00;2020-10-05;90+;33;36;0;0
1;2022-03-23 00:30:00;2020-10-05;Unknown;0;0;0;0
1;2022-03-23 00:30:00;2020-10-12;0-14;15;22;0;0
1;2022-03-23 00:30:00;2020-10-12;15-19;2;2;0;0
1;2022-03-23 00:30:00;2020-10-12;20-24;8;7;1;1
1;2022-03-23 00:30:00;2020-10-12;25-29;17;12;2;2
1;2022-03-23 00:30:00;2020-10-12;30-34;32;28;3;2
1;2022-03-23 00:30:00;2020-10-12;35-39;28;28;3;3
1;2022-03-23 00:30:00;2020-10-12;40-44;45;44;3;3
1;2022-03-23 00:30:00;2020-10-12;45-49;77;83;10;12
1;2022-03-23 00:30:00;2020-10-12;50-54;108;100;14;15
1;2022-03-23 00:30:00;2020-10-12;55-59;156;144;30;30
1;2022-03-23 00:30:00;2020-10-12;60-64;150;150;33;32
1;2022-03-23 00:30:00;2020-10-12;65-69;179;184;41;50
1;2022-03-23 00:30:00;2020-10-12;70-74;237;236;51;53
1;2022-03-23 00:30:00;2020-10-12;75-79;220;234;45;47
1;2022-03-23 00:30:00;2020-10-12;80-84;177;185;23;23
1;2022-03-23 00:30:00;2020-10-12;85-89;103;110;2;1
1;2022-03-23 00:30:00;2020-10-12;90+;50;54;0;1
1;2022-03-23 00:30:00;2020-10-12;Unknown;0;0;0;0
1;2022-03-23 00:30:00;2020-10-19;0-14;15;11;0;0
1;2022-03-23 00:30:00;2020-10-19;15-19;4;6;2;2
1;2022-03-23 00:30:00;2020-10-19;20-24;11;14;3;3
1;2022-03-23 00:30:00;2020-10-19;25-29;11;16;0;0
1;2022-03-23 00:30:00;2020-10-19;30-34;28;27;4;5
1;2022-03-23 00:30:00;2020-10-19;35-39;28;27;4;3
1;2022-03-23 00:30:00;2020-10-19;40-44;43;46;7;7
1;2022-03-23 00:30:00;2020-10-19;45-49;72;73;17;16
1;2022-03-23 00:30:00;2020-10-19;50-54;138;158;28;30
1;2022-03-23 00:30:00;2020-10-19;55-59;132;150;22;26
1;2022-03-23 00:30:00;2020-10-19;60-64;202;206;61;64
1;2022-03-23 00:30:00;2020-10-19;65-69;197;218;59;57
1;2022-03-23 00:30:00;2020-10-19;70-74;261;281;56;66
1;2022-03-23 00:30:00;2020-10-19;75-79;252;264;40;41
1;2022-03-23 00:30:00;2020-10-19;80-84;232;248;16;18
1;2022-03-23 00:30:00;2020-10-19;85-89;131;160;1;1
1;2022-03-23 00:30:00;2020-10-19;90+;58;64;0;0
1;2022-03-23 00:30:00;2020-10-19;Unknown;0;0;0;0
1;2022-03-23 00:30:00;2020-10-26;0-14;13;15;0;0
1;2022-03-23 00:30:00;2020-10-26;15-19;2;2;0;0
1;2022-03-23 00:30:00;2020-10-26;20-24;12;11;2;2
1;2022-03-23 00:30:00;2020-10-26;25-29;21;22;3;3
1;2022-03-23 00:30:00;2020-10-26;30-34;18;25;2;2
1;2022-03-23 00:30:00;2020-10-26;35-39;29;31;4;4
1;2022-03-23 00:30:00;2020-10-26;40-44;45;45;6;5
1;2022-03-23 00:30:00;2020-10-26;45-49;80;82;10;10
1;2022-03-23 00:30:00;2020-10-26;50-54;148;141;26;26
1;2022-03-23 00:30:00;2020-10-26;55-59;204;208;55;52
1;2022-03-23 00:30:00;2020-10-26;60-64;203;197;51;49
1;2022-03-23 00:30:00;2020-10-26;65-69;226;215;56;51
1;2022-03-23 00:30:00;2020-10-26;70-74;279;262;76;72
1;2022-03-23 00:30:00;2020-10-26;75-79;261;255;45;44
1;2022-03-23 00:30:00;2020-10-26;80-84;259;255;21;17
1;2022-03-23 00:30:00;2020-10-26;85-89;153;159;0;0
1;2022-03-23 00:30:00;2020-10-26;90+;63;63;2;2
1;2022-03-23 00:30:00;2020-10-26;Unknown;0;0;0;0
1;2022-03-23 00:30:00;2020-11-02;0-14;9;7;0;0
1;2022-03-23 00:30:00;2020-11-02;15-19;5;6;0;0
1;2022-03-23 00:30:00;2020-11-02;20-24;10;11;2;2
1;2022-03-23 00:30:00;2020-11-02;25-29;19;15;2;2
1;2022-03-23 00:30:00;2020-11-02;30-34;25;26;7;6
1;2022-03-23 00:30:00;2020-11-02;35-39;28;27;2;2
1;2022-03-23 00:30:00;2020-11-02;40-44;39;39;6;6
1;2022-03-23 00:30:00;2020-11-02;45-49;61;65;9;9
1;2022-03-23 00:30:00;2020-11-02;50-54;103;95;25;25
1;2022-03-23 00:30:00;2020-11-02;55-59;144;145;30;34
1;2022-03-23 00:30:00;2020-11-02;60-64;184;194;56;56
1;2022-03-23 00:30:00;2020-11-02;65-69;191;201;31;36
1;2022-03-23 00:30:00;2020-11-02;70-74;228;235;58;55
1;2022-03-23 00:30:00;2020-11-02;75-79;236;233;37;32
1;2022-03-23 00:30:00;2020-11-02;80-84;224;217;17;19
1;2022-03-23 00:30:00;2020-11-02;85-89;142;124;1;1
1;2022-03-23 00:30:00;2020-11-02;90+;60;60;1;0
1;2022-03-23 00:30:00;2020-11-02;Unknown;0;0;0;0
1;2022-03-23 00:30:00;2020-11-09;0-14;13;11;0;0
1;2022-03-23 00:30:00;2020-11-09;15-19;9;8;0;0
1;2022-03-23 00:30:00;2020-11-09;20-24;9;9;0;1
1;2022-03-23 00:30:00;2020-11-09;25-29;15;17;0;0
1;2022-03-23 00:30:00;2020-11-09;30-34;23;26;3;3
1;2022-03-23 00:30:00;2020-11-09;35-39;13;19;2;2
1;2022-03-23 00:30:00;2020-11-09;40-44;34;28;3;4
1;2022-03-23 00:30:00;2020-11-09;45-49;60;51;10;10
1;2022-03-23 00:30:00;2020-11-09;50-54;99;97;19;18
1;2022-03-23 00:30:00;2020-11-09;55-59;156;142;40;36
1;2022-03-23 00:30:00;2020-11-09;60-64;171;160;35;35
1;2022-03-23 00:30:00;2020-11-09;65-69;186;163;38;36
1;2022-03-23 00:30:00;2020-11-09;70-74;211;204;54;51
1;2022-03-23 00:30:00;2020-11-09;75-79;190;184;33;33
1;2022-03-23 00:30:00;2020-11-09;80-84;201;201;11;11
1;2022-03-23 00:30:00;2020-11-09;85-89;102;124;1;2
1;2022-03-23 00:30:00;2020-11-09;90+;52;56;0;0
1;2022-03-23 00:30:00;2020-11-09;Unknown;0;0;0;0
1;2022-03-23 00:30:00;2020-11-16;0-14;9;13;0;0
1;2022-03-23 00:30:00;2020-11-16;15-19;3;3;0;0
1;2022-03-23 00:30:00;2020-11-16;20-24;8;9;1;0
1;2022-03-23 00:30:00;2020-11-16;25-29;14;16;0;0
1;2022-03-23 00:30:00;2020-11-16;30-34;30;26;2;2
1;2022-03-23 00:30:00;2020-11-16;35-39;25;25;0;0
1;2022-03-23 00:30:00;2020-11-16;40-44;29;31;2;2
1;2022-03-23 00:30:00;2020-11-16;45-49;42;47;9;7
1;2022-03-23 00:30:00;2020-11-16;50-54;82;88;12;11
1;2022-03-23 00:30:00;2020-11-16;55-59;115;117;28;25
1;2022-03-23 00:30:00;2020-11-16;60-64;139;153;33;34
1;2022-03-23 00:30:00;2020-11-16;65-69;156;159;37;37
1;2022-03-23 00:30:00;2020-11-16;70-74;166;152;48;48
1;2022-03-23 00:30:00;2020-11-16;75-79;183;184;29;28
1;2022-03-23 00:30:00;2020-11-16;80-84;157;153;13;13
1;2022-03-23 00:30:00;2020-11-16;85-89;110;107;3;2
1;2022-03-23 00:30:00;2020-11-16;90+;36;39;0;0
1;2022-03-23 00:30:00;2020-11-16;Unknown;0;0;0;0
1;2022-03-23 00:30:00;2020-11-23;0-14;11;11;0;0
1;2022-03-23 00:30:00;2020-11-23;15-19;3;5;0;1
1;2022-03-23 00:30:00;2020-11-23;20-24;8;6;0;0
1;2022-03-23 00:30:00;2020-11-23;25-29;7;3;1;1
1;2022-03-23 00:30:00;2020-11-23;30-34;13;13;3;3
1;2022-03-23 00:30:00;2020-11-23;35-39;23;25;3;4
1;2022-03-23 00:30:00;2020-11-23;40-44;23;21;2;2
1;2022-03-23 00:30:00;2020-11-23;45-49;42;40;5;5
1;2022-03-23 00:30:00;2020-11-23;50-54;75;76;12;15
1;2022-03-23 00:30:00;2020-11-23;55-59;113;113;26;28
1;2022-03-23 00:30:00;2020-11-23;60-64;114;104;30;27
1;2022-03-23 00:30:00;2020-11-23;65-69;112;111;35;33
1;2022-03-23 00:30:00;2020-11-23;70-74;148;165;41;39
1;2022-03-23 00:30:00;2020-11-23;75-79;152;173;22;24
1;2022-03-23 00:30:00;2020-11-23;80-84;116;122;2;4
1;2022-03-23 00:30:00;2020-11-23;85-89;103;100;2;2
1;2022-03-23 00:30:00;2020-11-23;90+;37;46;0;0
1;2022-03-23 00:30:00;2020-11-23;Unknown;0;0;0;0
1;2022-03-23 00:30:00;2020-11-30;0-14;11;9;0;0
1;2022-03-23 00:30:00;2020-11-30;15-19;5;3;1;0
1;2022-03-23 00:30:00;2020-11-30;20-24;4;4;0;0
1;2022-03-23 00:30:00;2020-11-30;25-29;7;7;2;2
1;2022-03-23 00:30:00;2020-11-30;30-34;13;20;4;5
1;2022-03-23 00:30:00;2020-11-30;35-39;29;33;6;5
1;2022-03-23 00:30:00;2020-11-30;40-44;22;19;3;3
1;2022-03-23 00:30:00;2020-11-30;45-49;49;50;10;10
1;2022-03-23 00:30:00;2020-11-30;50-54;75;74;16;17
1;2022-03-23 00:30:00;2020-11-30;55-59;105;104;25;25
1;2022-03-23 00:30:00;2020-11-30;60-64;102;112;21;24
1;2022-03-23 00:30:00;2020-11-30;65-69;116;137;27;35
1;2022-03-23 00:30:00;2020-11-30;70-74;153;163;38;39
1;2022-03-23 00:30:00;2020-11-30;75-79;172;156;26;25
1;2022-03-23 00:30:00;2020-11-30;80-84;134;147;10;9
1;2022-03-23 00:30:00;2020-11-30;85-89;84;93;0;0
1;2022-03-23 00:30:00;2020-11-30;90+;51;53;0;1
1;2022-03-23 00:30:00;2020-11-30;Unknown;0;0;0;0
1;2022-03-23 00:30:00;2020-12-07;0-14;14;9;0;0
1;2022-03-23 00:30:00;2020-12-07;15-19;6;9;0;0
1;2022-03-23 00:30:00;2020-12-07;20-24;10;9;0;0
1;2022-03-23 00:30:00;2020-12-07;25-29;15;16;2;3
1;2022-03-23 00:30:00;2020-12-07;30-34;24;20;2;3
1;2022-03-23 00:30:00;2020-12-07;35-39;26;17;0;0
1;2022-03-23 00:30:00;2020-12-07;40-44;29;33;4;3
1;2022-03-23 00:30:00;2020-12-07;45-49;60;63;6;7
1;2022-03-23 00:30:00;2020-12-07;50-54;100;97;14;17
1;2022-03-23 00:30:00;2020-12-07;55-59;107;103;22;23
1;2022-03-23 00:30:00;2020-12-07;60-64;127;118;24;27
1;2022-03-23 00:30:00;2020-12-07;65-69;180;167;42;44
1;2022-03-23 00:30:00;2020-12-07;70-74;214;194;50;53
1;2022-03-23 00:30:00;2020-12-07;75-79;189;187;32;31
1;2022-03-23 00:30:00;2020-12-07;80-84;165;182;15;13
1;2022-03-23 00:30:00;2020-12-07;85-89;142;125;1;2
1;2022-03-23 00:30:00;2020-12-07;90+;63;55;1;0
1;2022-03-23 00:30:00;2020-12-07;Unknown;0;0;0;0
1;2022-03-23 00:30:00;2020-12-14;0-14;12;18;0;0
1;2022-03-23 00:30:00;2020-12-14;15-19;6;3;0;0
1;2022-03-23 00:30:00;2020-12-14;20-24;8;8;0;1
1;2022-03-23 00:30:00;2020-12-14;25-29;21;18;6;5
1;2022-03-23 00:30:00;2020-12-14;30-34;33;30;3;1
1;2022-03-23 00:30:00;2020-12-14;35-39;27;30;3;5
1;2022-03-23 00:30:00;2020-12-14;40-44;40;45;3;6
1;2022-03-23 00:30:00;2020-12-14;45-49;60;54;12;13
1;2022-03-23 00:30:00;2020-12-14;50-54;115;111;25;24
1;2022-03-23 00:30:00;2020-12-14;55-59;141;145;24;27
1;2022-03-23 00:30:00;2020-12-14;60-64;173;164;50;51
1;2022-03-23 00:30:00;2020-12-14;65-69;186;184;53;50
1;2022-03-23 00:30:00;2020-12-14;70-74;243;253;55;59
1;2022-03-23 00:30:00;2020-12-14;75-79;250;253;34;37
1;2022-03-23 00:30:00;2020-12-14;80-84;223;215;8;8
1;2022-03-23 00:30:00;2020-12-14;85-89;134;138;2;1
1;2022-03-23 00:30:00;2020-12-14;90+;67;66;0;0
1;2022-03-23 00:30:00;2020-12-14;Unknown;0;0;0;0
1;2022-03-23 00:30:00;2020-12-21;0-14;12;10;0;0
1;2022-03-23 00:30:00;2020-12-21;15-19;1;3;0;0
1;2022-03-23 00:30:00;2020-12-21;20-24;8;6;1;0
1;2022-03-23 00:30:00;2020-12-21;25-29;16;12;1;1
1;2022-03-23 00:30:00;2020-12-21;30-34;18;14;2;2
1;2022-03-23 00:30:00;2020-12-21;35-39;30;27;4;2
1;2022-03-23 00:30:00;2020-12-21;40-44;44;38;8;5
1;2022-03-23 00:30:00;2020-12-21;45-49;74;76;14;12
1;2022-03-23 00:30:00;2020-12-21;50-54;128;133;29;28
1;2022-03-23 00:30:00;2020-12-21;55-59;182;176;44;43
1;2022-03-23 00:30:00;2020-12-21;60-64;206;229;43;40
1;2022-03-23 00:30:00;2020-12-21;65-69;202;194;51;50
1;2022-03-23 00:30:00;2020-12-21;70-74;277;284;61;55
1;2022-03-23 00:30:00;2020-12-21;75-79;319;320;46;44
1;2022-03-23 00:30:00;2020-12-21;80-84;249;239;6;8
1;2022-03-23 00:30:00;2020-12-21;85-89;157;161;2;3
1;2022-03-23 00:30:00;2020-12-21;90+;69;59;0;0
1;2022-03-23 00:30:00;2020-12-21;Unknown;0;0;0;0
1;2022-03-23 00:30:00;2020-12-28;0-14;9;12;0;0
1;2022-03-23 00:30:00;2020-12-28;15-19;7;5;1;1
1;2022-03-23 00:30:00;2020-12-28;20-24;10;13;0;0
1;2022-03-23 00:30:00;2020-12-28;25-29;10;16;1;2
1;2022-03-23 00:30:00;2020-12-28;30-34;18;19;1;1
1;2022-03-23 00:30:00;2020-12-28;35-39;27;31;4;4
1;2022-03-23 00:30:00;2020-12-28;40-44;38;42;4;4
1;2022-03-23 00:30:00;2020-12-28;45-49;60;59;14;15
1;2022-03-23 00:30:00;2020-12-28;50-54;120;129;20;21
1;2022-03-23 00:30:00;2020-12-28;55-59;163;178;44;42
1;2022-03-23 00:30:00;2020-12-28;60-64;210;195;56;61
1;2022-03-23 00:30:00;2020-12-28;65-69;190;201;50;46
1;2022-03-23 00:30:00;2020-12-28;70-74;299;308;77;76
1;2022-03-23 00:30:00;2020-12-28;75-79;275;279;54;53
1;2022-03-23 00:30:00;2020-12-28;80-84;243;259;9;8
1;2022-03-23 00:30:00;2020-12-28;85-89;154;166;3;3
1;2022-03-23 00:30:00;2020-12-28;90+;59;74;0;0
1;2022-03-23 00:30:00;2020-12-28;Unknown;0;0;0;0
1;2022-03-23 00:30:00;2021-01-04;0-14;12;12;0;0
1;2022-03-23 00:30:00;2021-01-04;15-19;8;8;0;0
1;2022-03-23 00:30:00;2021-01-04;20-24;5;5;0;0
1;2022-03-23 00:30:00;2021-01-04;25-29;13;14;2;1
1;2022-03-23 00:30:00;2021-01-04;30-34;19;19;3;3
1;2022-03-23 00:30:00;2021-01-04;35-39;33;31;6;7
1;2022-03-23 00:30:00;2021-01-04;40-44;34;35;3;3
1;2022-03-23 00:30:00;2021-01-04;45-49;58;56;11;10
1;2022-03-23 00:30:00;2021-01-04;50-54;116;113;30;27
1;2022-03-23 00:30:00;2021-01-04;55-59;140;133;31;30
1;2022-03-23 00:30:00;2021-01-04;60-64;158;165;47;42
1;2022-03-23 00:30:00;2021-01-04;65-69;187;192;53;59
1;2022-03-23 00:30:00;2021-01-04;70-74;234;248;69;71
1;2022-03-23 00:30:00;2021-01-04;75-79;213;218;36;36
1;2022-03-23 00:30:00;2021-01-04;80-84;214;216;10;9
1;2022-03-23 00:30:00;2021-01-04;85-89;150;154;3;4
1;2022-03-23 00:30:00;2021-01-04;90+;79;88;0;0
1;2022-03-23 00:30:00;2021-01-04;Unknown;0;0;0;0
1;2022-03-23 00:30:00;2021-01-11;0-14;5;6;0;0
1;2022-03-23 00:30:00;2021-01-11;15-19;7;8;0;1
1;2022-03-23 00:30:00;2021-01-11;20-24;13;12;2;2
1;2022-03-23 00:30:00;2021-01-11;25-29;14;10;1;1
1;2022-03-23 00:30:00;2021-01-11;30-34;27;28;2;2
1;2022-03-23 00:30:00;2021-01-11;35-39;20;13;2;2
1;2022-03-23 00:30:00;2021-01-11;40-44;23;19;2;3
1;2022-03-23 00:30:00;2021-01-11;45-49;59;48;10;10
1;2022-03-23 00:30:00;2021-01-11;50-54;98;86;14;13
1;2022-03-23 00:30:00;2021-01-11;55-59;142;145;27;30
1;2022-03-23 00:30:00;2021-01-11;60-64;180;170;44;52
1;2022-03-23 00:30:00;2021-01-11;65-69;198;184;46;43
1;2022-03-23 00:30:00;2021-01-11;70-74;236;204;55;56
1;2022-03-23 00:30:00;2021-01-11;75-79;202;176;29;30
1;2022-03-23 00:30:00;2021-01-11;80-84;217;202;8;8
1;2022-03-23 00:30:00;2021-01-11;85-89;140;106;3;2
1;2022-03-23 00:30:00;2021-01-11;90+;93;74;0;0
1;2022-03-23 00:30:00;2021-01-11;Unknown;0;0;0;0
1;2022-03-23 00:30:00;2021-01-18;0-14;9;13;0;0
1;2022-03-23 00:30:00;2021-01-18;15-19;4;3;2;1
1;2022-03-23 00:30:00;2021-01-18;20-24;8;8;1;1
1;2022-03-23 00:30:00;2021-01-18;25-29;6;6;1;2
1;2022-03-23 00:30:00;2021-01-18;30-34;14;14;2;3
1;2022-03-23 00:30:00;2021-01-18;35-39;21;24;6;5
1;2022-03-23 00:30:00;2021-01-18;40-44;29;29;4;5
1;2022-03-23 00:30:00;2021-01-18;45-49;43;48;10;11
1;2022-03-23 00:30:00;2021-01-18;50-54;81;72;16;17
1;2022-03-23 00:30:00;2021-01-18;55-59;139;136;33;29
1;2022-03-23 00:30:00;2021-01-18;60-64;161;154;49;42
1;2022-03-23 00:30:00;2021-01-18;65-69;160;167;53;55
1;2022-03-23 00:30:00;2021-01-18;70-74;186;186;39;38
1;2022-03-23 00:30:00;2021-01-18;75-79;184;198;25;23
1;2022-03-23 00:30:00;2021-01-18;80-84;166;159;8;8
1;2022-03-23 00:30:00;2021-01-18;85-89;128;133;2;2
1;2022-03-23 00:30:00;2021-01-18;90+;63;70;0;0
1;2022-03-23 00:30:00;2021-01-18;Unknown;0;0;0;0
1;2022-03-23 00:30:00;2021-01-25;0-14;11;10;0;0
1;2022-03-23 00:30:00;2021-01-25;15-19;4;4;1;1
1;2022-03-23 00:30:00;2021-01-25;20-24;4;3;0;0
1;2022-03-23 00:30:00;2021-01-25;25-29;12;14;3;2
1;2022-03-23 00:30:00;2021-01-25;30-34;14;14;4;5
1;2022-03-23 00:30:00;2021-01-25;35-39;25;27;4;4
1;2022-03-23 00:30:00;2021-01-25;40-44;27;26;4;3
1;2022-03-23 00:30:00;2021-01-25;45-49;42;37;11;12
1;2022-03-23 00:30:00;2021-01-25;50-54;63;63;15;15
1;2022-03-23 00:30:00;2021-01-25;55-59;103;105;29;31
1;2022-03-23 00:30:00;2021-01-25;60-64;164;163;42;47
1;2022-03-23 00:30:00;2021-01-25;65-69;159;157;52;50
1;2022-03-23 00:30:00;2021-01-25;70-74;184;171;43;40
1;2022-03-23 00:30:00;2021-01-25;75-79;191;174;23;29
1;2022-03-23 00:30:00;2021-01-25;80-84;149;154;12;13
1;2022-03-23 00:30:00;2021-01-25;85-89;117;115;2;1
1;2022-03-23 00:30:00;2021-01-25;90+;63;59;0;0
1;2022-03-23 00:30:00;2021-01-25;Unknown;0;0;0;0
1;2022-03-23 00:30:00;2021-02-01;0-14;9;11;0;0
1;2022-03-23 00:30:00;2021-02-01;15-19;6;6;0;0
1;2022-03-23 00:30:00;2021-02-01;20-24;1;2;0;0
1;2022-03-23 00:30:00;2021-02-01;25-29;16;14;3;4
1;2022-03-23 00:30:00;2021-02-01;30-34;18;16;2;0
1;2022-03-23 00:30:00;2021-02-01;35-39;20;16;0;1
1;2022-03-23 00:30:00;2021-02-01;40-44;20;23;4;4
1;2022-03-23 00:30:00;2021-02-01;45-49;30;36;9;7
1;2022-03-23 00:30:00;2021-02-01;50-54;86;91;17;17
1;2022-03-23 00:30:00;2021-02-01;55-59;109;111;22;20
1;2022-03-23 00:30:00;2021-02-01;60-64;132;122;33;28
1;2022-03-23 00:30:00;2021-02-01;65-69;132;130;31;31
1;2022-03-23 00:30:00;2021-02-01;70-74;133;130;27;32
1;2022-03-23 00:30:00;2021-02-01;75-79;169;177;28;24
1;2022-03-23 00:30:00;2021-02-01;80-84;143;133;6;5
1;2022-03-23 00:30:00;2021-02-01;85-89;94;109;1;1
1;2022-03-23 00:30:00;2021-02-01;90+;65;61;0;0
1;2022-03-23 00:30:00;2021-02-01;Unknown;0;0;0;0
1;2022-03-23 00:30:00;2021-02-08;0-14;11;6;0;0
1;2022-03-23 00:30:00;2021-02-08;15-19;1;1;0;1
1;2022-03-23 00:30:00;2021-02-08;20-24;5;7;1;1
1;2022-03-23 00:30:00;2021-02-08;25-29;9;8;2;1
1;2022-03-23 00:30:00;2021-02-08;30-34;13;12;3;3
1;2022-03-23 00:30:00;2021-02-08;35-39;16;15;3;4
1;2022-03-23 00:30:00;2021-02-08;40-44;29;28;6;6
1;2022-03-23 00:30:00;2021-02-08;45-49;46;47;6;6
1;2022-03-23 00:30:00;2021-02-08;50-54;86;86;19;20
1;2022-03-23 00:30:00;2021-02-08;55-59;106;116;25;28
1;2022-03-23 00:30:00;2021-02-08;60-64;124;133;33;32
1;2022-03-23 00:30:00;2021-02-08;65-69;130;127;31;32
1;2022-03-23 00:30:00;2021-02-08;70-74;143;152;31;24
1;2022-03-23 00:30:00;2021-02-08;75-79;161;158;21;24
1;2022-03-23 00:30:00;2021-02-08;80-84;134;138;7;10
1;2022-03-23 00:30:00;2021-02-08;85-89;110;106;0;0
1;2022-03-23 00:30:00;2021-02-08;90+;51;52;0;0
1;2022-03-23 00:30:00;2021-02-08;Unknown;0;0;0;0
1;2022-03-23 00:30:00;2021-02-15;0-14;9;17;0;0
1;2022-03-23 00:30:00;2021-02-15;15-19;0;0;1;0
1;2022-03-23 00:30:00;2021-02-15;20-24;15;14;2;2
1;2022-03-23 00:30:00;2021-02-15;25-29;12;12;2;1
1;2022-03-23 00:30:00;2021-02-15;30-34;13;16;0;2
1;2022-03-23 00:30:00;2021-02-15;35-39;20;27;5;5
1;2022-03-23 00:30:00;2021-02-15;40-44;24;30;2;5
1;2022-03-23 00:30:00;2021-02-15;45-49;48;45;10;11
1;2022-03-23 00:30:00;2021-02-15;50-54;84;84;24;22
1;2022-03-23 00:30:00;2021-02-15;55-59;107;100;33;32
1;2022-03-23 00:30:00;2021-02-15;60-64;135;141;34;32
1;2022-03-23 00:30:00;2021-02-15;65-69;130;127;53;55
1;2022-03-23 00:30:00;2021-02-15;70-74;148;149;38;38
1;2022-03-23 00:30:00;2021-02-15;75-79;154;155;30;29
1;2022-03-23 00:30:00;2021-02-15;80-84;149;149;11;9
1;2022-03-23 00:30:00;2021-02-15;85-89;100;100;0;0
1;2022-03-23 00:30:00;2021-02-15;90+;42;39;0;0
1;2022-03-23 00:30:00;2021-02-15;Unknown;0;0;0;0
1;2022-03-23 00:30:00;2021-02-22;0-14;18;8;0;0
1;2022-03-23 00:30:00;2021-02-22;15-19;0;0;0;0
1;2022-03-23 00:30:00;2021-02-22;20-24;2;1;0;0
1;2022-03-23 00:30:00;2021-02-22;25-29;6;7;1;1
1;2022-03-23 00:30:00;2021-02-22;30-34;25;24;4;3
1;2022-03-23 00:30:00;2021-02-22;35-39;24;19;5;4
1;2022-03-23 00:30:00;2021-02-22;40-44;49;49;13;11
1;2022-03-23 00:30:00;2021-02-22;45-49;58;56;12;14
1;2022-03-23 00:30:00;2021-02-22;50-54;92;99;24;22
1;2022-03-23 00:30:00;2021-02-22;55-59;143;131;31;33
1;2022-03-23 00:30:00;2021-02-22;60-64;140;133;34;39
1;2022-03-23 00:30:00;2021-02-22;65-69;149;135;26;28
1;2022-03-23 00:30:00;2021-02-22;70-74;173;154;36;35
1;2022-03-23 00:30:00;2021-02-22;75-79;164;143;31;30
1;2022-03-23 00:30:00;2021-02-22;80-84;143;116;6;5
1;2022-03-23 00:30:00;2021-02-22;85-89;101;72;0;0
1;2022-03-23 00:30:00;2021-02-22;90+;49;39;0;0
1;2022-03-23 00:30:00;2021-02-22;Unknown;0;0;0;0
1;2022-03-23 00:30:00;2021-03-01;0-14;6;6;0;0
1;2022-03-23 00:30:00;2021-03-01;15-19;0;0;0;0
1;2022-03-23 00:30:00;2021-03-01;20-24;7;8;1;1
1;2022-03-23 00:30:00;2021-03-01;25-29;9;8;5;5
1;2022-03-23 00:30:00;2021-03-01;30-34;22;22;4;5
1;2022-03-23 00:30:00;2021-03-01;35-39;29;30;6;7
1;2022-03-23 00:30:00;2021-03-01;40-44;38;31;8;9
1;2022-03-23 00:30:00;2021-03-01;45-49;49;44;10;9
1;2022-03-23 00:30:00;2021-03-01;50-54;113;107;26;29
1;2022-03-23 00:30:00;2021-03-01;55-59;120;112;32;26
1;2022-03-23 00:30:00;2021-03-01;60-64;140;149;52;50
1;2022-03-23 00:30:00;2021-03-01;65-69;125;124;50;49
1;2022-03-23 00:30:00;2021-03-01;70-74;164;164;47;49
1;2022-03-23 00:30:00;2021-03-01;75-79;142;148;19;25
1;2022-03-23 00:30:00;2021-03-01;80-84;143;136;8;7
1;2022-03-23 00:30:00;2021-03-01;85-89;71;78;1;1
1;2022-03-23 00:30:00;2021-03-01;90+;31;32;0;0
1;2022-03-23 00:30:00;2021-03-01;Unknown;0;0;0;0
1;2022-03-23 00:30:00;2021-03-08;0-14;12;12;0;0
1;2022-03-23 00:30:00;2021-03-08;15-19;2;2;0;0
1;2022-03-23 00:30:00;2021-03-08;20-24;2;3;0;0
1;2022-03-23 00:30:00;2021-03-08;25-29;9;12;0;0
1;2022-03-23 00:30:00;2021-03-08;30-34;17;21;1;1
1;2022-03-23 00:30:00;2021-03-08;35-39;27;28;9;8
1;2022-03-23 00:30:00;2021-03-08;40-44;38;40;12;10
1;2022-03-23 00:30:00;2021-03-08;45-49;58;60;5;4
1;2022-03-23 00:30:00;2021-03-08;50-54;107;110;25;26
1;2022-03-23 00:30:00;2021-03-08;55-59;153;157;32;37
1;2022-03-23 00:30:00;2021-03-08;60-64;154;144;42;43
1;2022-03-23 00:30:00;2021-03-08;65-69;161;174;52;52
1;2022-03-23 00:30:00;2021-03-08;70-74;167;175;34;36
1;2022-03-23 00:30:00;2021-03-08;75-79;178;170;43;40
1;2022-03-23 00:30:00;2021-03-08;80-84;112;122;9;10
1;2022-03-23 00:30:00;2021-03-08;85-89;71;69;1;1
1;2022-03-23 00:30:00;2021-03-08;90+;32;28;0;0
1;2022-03-23 00:30:00;2021-03-08;Unknown;0;0;0;0
1;2022-03-23 00:30:00;2021-03-15;0-14;8;10;0;0
1;2022-03-23 00:30:00;2021-03-15;15-19;2;2;0;0
1;2022-03-23 00:30:00;2021-03-15;20-24;5;4;0;0
1;2022-03-23 00:30:00;2021-03-15;25-29;19;21;2;3
1;2022-03-23 00:30:00;2021-03-15;30-34;27;30;6;6
1;2022-03-23 00:30:00;2021-03-15;35-39;36;40;8;8
1;2022-03-23 00:30:00;2021-03-15;40-44;50;53;6;6
1;2022-03-23 00:30:00;2021-03-15;45-49;77;83;15;15
1;2022-03-23 00:30:00;2021-03-15;50-54;147;158;32;36
1;2022-03-23 00:30:00;2021-03-15;55-59;162;168;52;50
1;2022-03-23 00:30:00;2021-03-15;60-64;151;174;46;50
1;2022-03-23 00:30:00;2021-03-15;65-69;160;164;46;49
1;2022-03-23 00:30:00;2021-03-15;70-74;183;170;50;51
1;2022-03-23 00:30:00;2021-03-15;75-79;195;209;36;36
1;2022-03-23 00:30:00;2021-03-15;80-84;134;127;8;9
1;2022-03-23 00:30:00;2021-03-15;85-89;71;68;1;1
1;2022-03-23 00:30:00;2021-03-15;90+;26;30;0;0
1;2022-03-23 00:30:00;2021-03-15;Unknown;0;0;0;0
1;2022-03-23 00:30:00;2021-03-22;0-14;13;9;0;0
1;2022-03-23 00:30:00;2021-03-22;15-19;2;3;0;0
1;2022-03-23 00:30:00;2021-03-22;20-24;11;11;2;2
1;2022-03-23 00:30:00;2021-03-22;25-29;23;24;4;4
1;2022-03-23 00:30:00;2021-03-22;30-34;32;29;4;3
1;2022-03-23 00:30:00;2021-03-22;35-39;43;44;7;6
1;2022-03-23 00:30:00;2021-03-22;40-44;59;67;13;16
1;2022-03-23 00:30:00;2021-03-22;45-49;92;88;13;15
1;2022-03-23 00:30:00;2021-03-22;50-54;151;137;32;31
1;2022-03-23 00:30:00;2021-03-22;55-59;188;189;32;37
1;2022-03-23 00:30:00;2021-03-22;60-64;191;191;40;35
1;2022-03-23 00:30:00;2021-03-22;65-69;182;181;61;60
1;2022-03-23 00:30:00;2021-03-22;70-74;203;218;47;48
1;2022-03-23 00:30:00;2021-03-22;75-79;212;215;49;47
1;2022-03-23 00:30:00;2021-03-22;80-84;131;130;7;6
1;2022-03-23 00:30:00;2021-03-22;85-89;62;61;2;2
1;2022-03-23 00:30:00;2021-03-22;90+;38;37;0;1
1;2022-03-23 00:30:00;2021-03-22;Unknown;0;0;0;0
1;2022-03-23 00:30:00;2021-03-29;0-14;10;16;0;0
1;2022-03-23 00:30:00;2021-03-29;15-19;7;7;0;0
1;2022-03-23 00:30:00;2021-03-29;20-24;9;9;0;0
1;2022-03-23 00:30:00;2021-03-29;25-29;20;16;2;1
1;2022-03-23 00:30:00;2021-03-29;30-34;40;42;9;9
1;2022-03-23 00:30:00;2021-03-29;35-39;46;51;11;11
1;2022-03-23 00:30:00;2021-03-29;40-44;54;47;16;13
1;2022-03-23 00:30:00;2021-03-29;45-49;86;93;24;22
1;2022-03-23 00:30:00;2021-03-29;50-54;156;167;37;35
1;2022-03-23 00:30:00;2021-03-29;55-59;188;184;45;46
1;2022-03-23 00:30:00;2021-03-29;60-64;204;197;42;43
1;2022-03-23 00:30:00;2021-03-29;65-69;224;224;75;72
1;2022-03-23 00:30:00;2021-03-29;70-74;270;258;74;76
1;2022-03-23 00:30:00;2021-03-29;75-79;210;203;32;31
1;2022-03-23 00:30:00;2021-03-29;80-84;143;143;17;16
1;2022-03-23 00:30:00;2021-03-29;85-89;55;46;1;1
1;2022-03-23 00:30:00;2021-03-29;90+;33;28;1;0
1;2022-03-23 00:30:00;2021-03-29;Unknown;0;0;0;0
1;2022-03-23 00:30:00;2021-04-05;0-14;14;15;0;0
1;2022-03-23 00:30:00;2021-04-05;15-19;9;8;0;0
1;2022-03-23 00:30:00;2021-04-05;20-24;12;11;0;1
1;2022-03-23 00:30:00;2021-04-05;25-29;13;19;1;1
1;2022-03-23 00:30:00;2021-04-05;30-34;37;38;6;6
1;2022-03-23 00:30:00;2021-04-05;35-39;59;61;9;9
1;2022-03-23 00:30:00;2021-04-05;40-44;53;62;14;14
1;2022-03-23 00:30:00;2021-04-05;45-49;85;88;18;18
1;2022-03-23 00:30:00;2021-04-05;50-54;159;160;41;41
1;2022-03-23 00:30:00;2021-04-05;55-59;192;203;52;51
1;2022-03-23 00:30:00;2021-04-05;60-64;206;212;58;63
1;2022-03-23 00:30:00;2021-04-05;65-69;215;227;60;69
1;2022-03-23 00:30:00;2021-04-05;70-74;231;238;66;66
1;2022-03-23 00:30:00;2021-04-05;75-79;232;249;37;36
1;2022-03-23 00:30:00;2021-04-05;80-84;115;120;5;6
1;2022-03-23 00:30:00;2021-04-05;85-89;50;47;1;1
1;2022-03-23 00:30:00;2021-04-05;90+;32;27;0;0
1;2022-03-23 00:30:00;2021-04-05;Unknown;0;0;0;0
1;2022-03-23 00:30:00;2021-04-12;0-14;13;13;0;0
1;2022-03-23 00:30:00;2021-04-12;15-19;3;3;1;1
1;2022-03-23 00:30:00;2021-04-12;20-24;7;11;1;0
1;2022-03-23 00:30:00;2021-04-12;25-29;29;27;2;2
1;2022-03-23 00:30:00;2021-04-12;30-34;33;34;8;8
1;2022-03-23 00:30:00;2021-04-12;35-39;45;47;12;13
1;2022-03-23 00:30:00;2021-04-12;40-44;61;53;7;7
1;2022-03-23 00:30:00;2021-04-12;45-49;97;99;16;20
1;2022-03-23 00:30:00;2021-04-12;50-54;140;134;32;32
1;2022-03-23 00:30:00;2021-04-12;55-59;198;204;52;48
1;2022-03-23 00:30:00;2021-04-12;60-64;188;183;56;53
1;2022-03-23 00:30:00;2021-04-12;65-69;221;232;84;76
1;2022-03-23 00:30:00;2021-04-12;70-74;224;255;71;70
1;2022-03-23 00:30:00;2021-04-12;75-79;225;234;30;35
1;2022-03-23 00:30:00;2021-04-12;80-84;80;82;4;5
1;2022-03-23 00:30:00;2021-04-12;85-89;37;41;1;1
1;2022-03-23 00:30:00;2021-04-12;90+;14;21;0;0
1;2022-03-23 00:30:00;2021-04-12;Unknown;0;0;0;0
1;2022-03-23 00:30:00;2021-04-19;0-14;11;13;0;0
1;2022-03-23 00:30:00;2021-04-19;15-19;7;8;0;0
1;2022-03-23 00:30:00;2021-04-19;20-24;15;12;1;1
1;2022-03-23 00:30:00;2021-04-19;25-29;25;24;4;4
1;2022-03-23 00:30:00;2021-04-19;30-34;37;39;6;7
1;2022-03-23 00:30:00;2021-04-19;35-39;50;53;5;4
1;2022-03-23 00:30:00;2021-04-19;40-44;51;58;9;11
1;2022-03-23 00:30:00;2021-04-19;45-49;105;112;15;14
1;2022-03-23 00:30:00;2021-04-19;50-54;149;157;39;35
1;2022-03-23 00:30:00;2021-04-19;55-59;211;232;39;41
1;2022-03-23 00:30:00;2021-04-19;60-64;189;205;60;59
1;2022-03-23 00:30:00;2021-04-19;65-69;240;231;69;68
1;2022-03-23 00:30:00;2021-04-19;70-74;285;281;75;81
1;2022-03-23 00:30:00;2021-04-19;75-79;239;236;41;38
1;2022-03-23 00:30:00;2021-04-19;80-84;101;111;8;6
1;2022-03-23 00:30:00;2021-04-19;85-89;37;40;1;1
1;2022-03-23 00:30:00;2021-04-19;90+;22;25;0;0
1;2022-03-23 00:30:00;2021-04-19;Unknown;0;0;0;0
1;2022-03-23 00:30:00;2021-04-26;0-14;13;16;0;0
1;2022-03-23 00:30:00;2021-04-26;15-19;7;8;0;0
1;2022-03-23 00:30:00;2021-04-26;20-24;9;9;1;1
1;2022-03-23 00:30:00;2021-04-26;25-29;15;15;3;3
1;2022-03-23 00:30:00;2021-04-26;30-34;39;40;6;7
1;2022-03-23 00:30:00;2021-04-26;35-39;48;45;5;5
1;2022-03-23 00:30:00;2021-04-26;40-44;59;59;14;13
1;2022-03-23 00:30:00;2021-04-26;45-49;130;125;25;22
1;2022-03-23 00:30:00;2021-04-26;50-54;193;200;31;33
1;2022-03-23 00:30:00;2021-04-26;55-59;215;203;54;51
1;2022-03-23 00:30:00;2021-04-26;60-64;224;211;57;56
1;2022-03-23 00:30:00;2021-04-26;65-69;251;253;70;70
1;2022-03-23 00:30:00;2021-04-26;70-74;262;264;79;79
1;2022-03-23 00:30:00;2021-04-26;75-79;213;199;38;38
1;2022-03-23 00:30:00;2021-04-26;80-84;103;82;4;4
1;2022-03-23 00:30:00;2021-04-26;85-89;45;39;1;1
1;2022-03-23 00:30:00;2021-04-26;90+;28;22;0;0
1;2022-03-23 00:30:00;2021-04-26;Unknown;0;0;0;0
1;2022-03-23 00:30:00;2021-05-03;0-14;17;14;0;0
1;2022-03-23 00:30:00;2021-05-03;15-19;8;5;0;0
1;2022-03-23 00:30:00;2021-05-03;20-24;11;11;1;2
1;2022-03-23 00:30:00;2021-05-03;25-29;23;23;3;3
1;2022-03-23 00:30:00;2021-05-03;30-34;37;37;6;4
1;2022-03-23 00:30:00;2021-05-03;35-39;55;43;4;5
1;2022-03-23 00:30:00;2021-05-03;40-44;71;68;16;15
1;2022-03-23 00:30:00;2021-05-03;45-49;83;82;16;19
1;2022-03-23 00:30:00;2021-05-03;50-54;164;163;35;34
1;2022-03-23 00:30:00;2021-05-03;55-59;211;216;43;48
1;2022-03-23 00:30:00;2021-05-03;60-64;171;169;40;36
1;2022-03-23 00:30:00;2021-05-03;65-69;198;194;58;56
1;2022-03-23 00:30:00;2021-05-03;70-74;224;208;68;63
1;2022-03-23 00:30:00;2021-05-03;75-79;154;135;24;24
1;2022-03-23 00:30:00;2021-05-03;80-84;66;61;1;2
1;2022-03-23 00:30:00;2021-05-03;85-89;38;33;0;0
1;2022-03-23 00:30:00;2021-05-03;90+;24;24;0;0
1;2022-03-23 00:30:00;2021-05-03;Unknown;0;0;0;0
1;2022-03-23 00:30:00;2021-05-10;0-14;10;11;0;0
1;2022-03-23 00:30:00;2021-05-10;15-19;2;6;0;0
1;2022-03-23 00:30:00;2021-05-10;20-24;12;15;0;0
1;2022-03-23 00:30:00;2021-05-10;25-29;14;13;1;2
1;2022-03-23 00:30:00;2021-05-10;30-34;33;28;4;4
1;2022-03-23 00:30:00;2021-05-10;35-39;40;43;5;4
1;2022-03-23 00:30:00;2021-05-10;40-44;41;36;12;13
1;2022-03-23 00:30:00;2021-05-10;45-49;84;91;16;15
1;2022-03-23 00:30:00;2021-05-10;50-54;161;169;23;24
1;2022-03-23 00:30:00;2021-05-10;55-59;199;187;46;43
1;2022-03-23 00:30:00;2021-05-10;60-64;130;140;31;34
1;2022-03-23 00:30:00;2021-05-10;65-69;148;156;35;35
1;2022-03-23 00:30:00;2021-05-10;70-74;148;134;46;39
1;2022-03-23 00:30:00;2021-05-10;75-79;113;107;19;15
1;2022-03-23 00:30:00;2021-05-10;80-84;60;58;5;5
1;2022-03-23 00:30:00;2021-05-10;85-89;30;31;1;1
1;2022-03-23 00:30:00;2021-05-10;90+;21;24;0;0
1;2022-03-23 00:30:00;2021-05-10;Unknown;0;0;0;0
1;2022-03-23 00:30:00;2021-05-17;0-14;8;6;0;0
1;2022-03-23 00:30:00;2021-05-17;15-19;4;0;0;0
1;2022-03-23 00:30:00;2021-05-17;20-24;20;16;2;1
1;2022-03-23 00:30:00;2021-05-17;25-29;23;23;7;7
1;2022-03-23 00:30:00;2021-05-17;30-34;25;24;4;4
1;2022-03-23 00:30:00;2021-05-17;35-39;32;27;4;4
1;2022-03-23 00:30:00;2021-05-17;40-44;41;41;7;7
1;2022-03-23 00:30:00;2021-05-17;45-49;86;71;13;14
1;2022-03-23 00:30:00;2021-05-17;50-54;134;125;27;30
1;2022-03-23 00:30:00;2021-05-17;55-59;164;153;34;32
1;2022-03-23 00:30:00;2021-05-17;60-64;125;110;30;27
1;2022-03-23 00:30:00;2021-05-17;65-69;135;106;28;23
1;2022-03-23 00:30:00;2021-05-17;70-74;114;99;21;24
1;2022-03-23 00:30:00;2021-05-17;75-79;69;65;9;10
1;2022-03-23 00:30:00;2021-05-17;80-84;40;34;3;3
1;2022-03-23 00:30:00;2021-05-17;85-89;23;22;0;0
1;2022-03-23 00:30:00;2021-05-17;90+;16;11;0;0
1;2022-03-23 00:30:00;2021-05-17;Unknown;0;0;0;0
1;2022-03-23 00:30:00;2021-05-24;0-14;23;17;0;0
1;2022-03-23 00:30:00;2021-05-24;15-19;5;6;0;0
1;2022-03-23 00:30:00;2021-05-24;20-24;4;6;1;3
1;2022-03-23 00:30:00;2021-05-24;25-29;19;12;1;0
1;2022-03-23 00:30:00;2021-05-24;30-34;23;20;2;3
1;2022-03-23 00:30:00;2021-05-24;35-39;9;16;1;2
1;2022-03-23 00:30:00;2021-05-24;40-44;30;25;6;5
1;2022-03-23 00:30:00;2021-05-24;45-49;49;42;11;9
1;2022-03-23 00:30:00;2021-05-24;50-54;95;76;24;21
1;2022-03-23 00:30:00;2021-05-24;55-59;101;86;22;21
1;2022-03-23 00:30:00;2021-05-24;60-64;72;59;16;14
1;2022-03-23 00:30:00;2021-05-24;65-69;63;49;13;14
1;2022-03-23 00:30:00;2021-05-24;70-74;61;47;17;11
1;2022-03-23 00:30:00;2021-05-24;75-79;52;38;9;10
1;2022-03-23 00:30:00;2021-05-24;80-84;32;32;4;3
1;2022-03-23 00:30:00;2021-05-24;85-89;17;16;0;0
1;2022-03-23 00:30:00;2021-05-24;90+;12;12;0;0
1;2022-03-23 00:30:00;2021-05-24;Unknown;0;0;0;0
1;2022-03-23 00:30:00;2021-05-31;0-14;9;8;0;0
1;2022-03-23 00:30:00;2021-05-31;15-19;5;4;0;0
1;2022-03-23 00:30:00;2021-05-31;20-24;7;6;1;0
1;2022-03-23 00:30:00;2021-05-31;25-29;5;6;1;1
1;2022-03-23 00:30:00;2021-05-31;30-34;11;9;1;0
1;2022-03-23 00:30:00;2021-05-31;35-39;28;20;1;0
1;2022-03-23 00:30:00;2021-05-31;40-44;29;30;2;2
1;2022-03-23 00:30:00;2021-05-31;45-49;35;34;3;3
1;2022-03-23 00:30:00;2021-05-31;50-54;63;63;12;9
1;2022-03-23 00:30:00;2021-05-31;55-59;86;80;9;15
1;2022-03-23 00:30:00;2021-05-31;60-64;52;29;4;4
1;2022-03-23 00:30:00;2021-05-31;65-69;51;42;13;11
1;2022-03-23 00:30:00;2021-05-31;70-74;30;21;4;5
1;2022-03-23 00:30:00;2021-05-31;75-79;22;14;4;1
1;2022-03-23 00:30:00;2021-05-31;80-84;30;24;2;1
1;2022-03-23 00:30:00;2021-05-31;85-89;11;11;0;0
1;2022-03-23 00:30:00;2021-05-31;90+;10;7;0;0
1;2022-03-23 00:30:00;2021-05-31;Unknown;0;0;0;0
1;2022-03-23 00:30:00;2021-06-07;0-14;9;6;0;0
1;2022-03-23 00:30:00;2021-06-07;15-19;2;3;0;0
1;2022-03-23 00:30:00;2021-06-07;20-24;1;0;0;0
1;2022-03-23 00:30:00;2021-06-07;25-29;6;6;0;0
1;2022-03-23 00:30:00;2021-06-07;30-34;14;16;0;0
1;2022-03-23 00:30:00;2021-06-07;35-39;12;12;0;0
1;2022-03-23 00:30:00;2021-06-07;40-44;15;13;4;3
1;2022-03-23 00:30:00;2021-06-07;45-49;28;27;5;5
1;2022-03-23 00:30:00;2021-06-07;50-54;41;33;4;5
1;2022-03-23 00:30:00;2021-06-07;55-59;45;35;14;10
1;2022-03-23 00:30:00;2021-06-07;60-64;21;22;7;8
1;2022-03-23 00:30:00;2021-06-07;65-69;24;18;4;3
1;2022-03-23 00:30:00;2021-06-07;70-74;24;22;3;3
1;2022-03-23 00:30:00;2021-06-07;75-79;17;14;3;3
1;2022-03-23 00:30:00;2021-06-07;80-84;10;9;0;1
1;2022-03-23 00:30:00;2021-06-07;85-89;8;5;0;0
1;2022-03-23 00:30:00;2021-06-07;90+;2;4;0;0
1;2022-03-23 00:30:00;2021-06-07;Unknown;0;0;0;0
1;2022-03-23 00:30:00;2021-06-14;0-14;3;5;0;0
1;2022-03-23 00:30:00;2021-06-14;15-19;1;1;0;0
1;2022-03-23 00:30:00;2021-06-14;20-24;3;4;1;1
1;2022-03-23 00:30:00;2021-06-14;25-29;6;8;1;2
1;2022-03-23 00:30:00;2021-06-14;30-34;7;7;2;2
1;2022-03-23 00:30:00;2021-06-14;35-39;5;6;1;1
1;2022-03-23 00:30:00;2021-06-14;40-44;12;12;1;1
1;2022-03-23 00:30:00;2021-06-14;45-49;19;14;5;5
1;2022-03-23 00:30:00;2021-06-14;50-54;25;18;5;5
1;2022-03-23 00:30:00;2021-06-14;55-59;28;22;8;6
1;2022-03-23 00:30:00;2021-06-14;60-64;21;16;3;1
1;2022-03-23 00:30:00;2021-06-14;65-69;15;14;2;4
1;2022-03-23 00:30:00;2021-06-14;70-74;6;9;1;1
1;2022-03-23 00:30:00;2021-06-14;75-79;15;14;1;1
1;2022-03-23 00:30:00;2021-06-14;80-84;12;9;3;2
1;2022-03-23 00:30:00;2021-06-14;85-89;11;9;0;0
1;2022-03-23 00:30:00;2021-06-14;90+;6;3;1;1
1;2022-03-23 00:30:00;2021-06-14;Unknown;0;0;0;0
1;2022-03-23 00:30:00;2021-06-21;0-14;3;5;0;0
1;2022-03-23 00:30:00;2021-06-21;15-19;2;1;0;0
1;2022-03-23 00:30:00;2021-06-21;20-24;5;3;2;1
1;2022-03-23 00:30:00;2021-06-21;25-29;6;5;1;1
1;2022-03-23 00:30:00;2021-06-21;30-34;4;3;1;2
1;2022-03-23 00:30:00;2021-06-21;35-39;9;7;0;1
1;2022-03-23 00:30:00;2021-06-21;40-44;9;6;1;1
1;2022-03-23 00:30:00;2021-06-21;45-49;5;6;2;1
1;2022-03-23 00:30:00;2021-06-21;50-54;10;9;4;2
1;2022-03-23 00:30:00;2021-06-21;55-59;7;9;3;2
1;2022-03-23 00:30:00;2021-06-21;60-64;15;12;2;2
1;2022-03-23 00:30:00;2021-06-21;65-69;7;6;3;2
1;2022-03-23 00:30:00;2021-06-21;70-74;9;6;2;2
1;2022-03-23 00:30:00;2021-06-21;75-79;9;7;0;1
1;2022-03-23 00:30:00;2021-06-21;80-84;7;6;0;0
1;2022-03-23 00:30:00;2021-06-21;85-89;3;3;0;0
1;2022-03-23 00:30:00;2021-06-21;90+;0;1;0;0
1;2022-03-23 00:30:00;2021-06-21;Unknown;0;0;0;0
1;2022-03-23 00:30:00;2021-06-28;0-14;5;2;0;0
1;2022-03-23 00:30:00;2021-06-28;15-19;0;0;0;0
1;2022-03-23 00:30:00;2021-06-28;20-24;2;2;0;0
1;2022-03-23 00:30:00;2021-06-28;25-29;3;3;1;1
1;2022-03-23 00:30:00;2021-06-28;30-34;1;1;1;1
1;2022-03-23 00:30:00;2021-06-28;35-39;5;4;1;0
1;2022-03-23 00:30:00;2021-06-28;40-44;4;5;0;1
1;2022-03-23 00:30:00;2021-06-28;45-49;6;5;1;1
1;2022-03-23 00:30:00;2021-06-28;50-54;7;8;0;0
1;2022-03-23 00:30:00;2021-06-28;55-59;9;7;2;2
1;2022-03-23 00:30:00;2021-06-28;60-64;3;4;1;1
1;2022-03-23 00:30:00;2021-06-28;65-69;4;2;0;0
1;2022-03-23 00:30:00;2021-06-28;70-74;5;5;1;1
1;2022-03-23 00:30:00;2021-06-28;75-79;1;2;0;1
1;2022-03-23 00:30:00;2021-06-28;80-84;4;2;0;0
1;2022-03-23 00:30:00;2021-06-28;85-89;4;3;0;0
1;2022-03-23 00:30:00;2021-06-28;90+;3;2;0;0
1;2022-03-23 00:30:00;2021-06-28;Unknown;0;0;0;0
1;2022-03-23 00:30:00;2021-07-05;0-14;3;5;0;0
1;2022-03-23 00:30:00;2021-07-05;15-19;2;3;0;0
1;2022-03-23 00:30:00;2021-07-05;20-24;5;13;1;2
1;2022-03-23 00:30:00;2021-07-05;25-29;3;5;0;0
1;2022-03-23 00:30:00;2021-07-05;30-34;3;4;1;0
1;2022-03-23 00:30:00;2021-07-05;35-39;3;7;0;0
1;2022-03-23 00:30:00;2021-07-05;40-44;3;2;1;0
1;2022-03-23 00:30:00;2021-07-05;45-49;5;8;0;2
1;2022-03-23 00:30:00;2021-07-05;50-54;9;13;4;4
1;2022-03-23 00:30:00;2021-07-05;55-59;2;5;1;1
1;2022-03-23 00:30:00;2021-07-05;60-64;7;8;0;0
1;2022-03-23 00:30:00;2021-07-05;65-69;1;2;1;1
1;2022-03-23 00:30:00;2021-07-05;70-74;6;5;1;1
1;2022-03-23 00:30:00;2021-07-05;75-79;3;4;3;1
1;2022-03-23 00:30:00;2021-07-05;80-84;2;5;0;0
1;2022-03-23 00:30:00;2021-07-05;85-89;1;2;0;0
1;2022-03-23 00:30:00;2021-07-05;90+;0;1;0;0
1;2022-03-23 00:30:00;2021-07-05;Unknown;0;0;0;0
1;2022-03-23 00:30:00;2021-07-12;0-14;6;7;0;0
1;2022-03-23 00:30:00;2021-07-12;15-19;5;6;0;0
1;2022-03-23 00:30:00;2021-07-12;20-24;16;18;2;3
1;2022-03-23 00:30:00;2021-07-12;25-29;15;18;1;4
1;2022-03-23 00:30:00;2021-07-12;30-34;18;24;1;1
1;2022-03-23 00:30:00;2021-07-12;35-39;16;22;1;1
1;2022-03-23 00:30:00;2021-07-12;40-44;6;16;3;4
1;2022-03-23 00:30:00;2021-07-12;45-49;14;13;4;2
1;2022-03-23 00:30:00;2021-07-12;50-54;20;31;5;6
1;2022-03-23 00:30:00;2021-07-12;55-59;19;29;5;5
1;2022-03-23 00:30:00;2021-07-12;60-64;9;15;1;1
1;2022-03-23 00:30:00;2021-07-12;65-69;7;17;1;4
1;2022-03-23 00:30:00;2021-07-12;70-74;7;14;2;1
1;2022-03-23 00:30:00;2021-07-12;75-79;8;17;1;2
1;2022-03-23 00:30:00;2021-07-12;80-84;10;13;0;0
1;2022-03-23 00:30:00;2021-07-12;85-89;5;12;0;0
1;2022-03-23 00:30:00;2021-07-12;90+;6;6;0;0
1;2022-03-23 00:30:00;2021-07-12;Unknown;0;0;0;0
1;2022-03-23 00:30:00;2021-07-19;0-14;10;11;0;0
1;2022-03-23 00:30:00;2021-07-19;15-19;8;8;1;1
1;2022-03-23 00:30:00;2021-07-19;20-24;21;22;2;0
1;2022-03-23 00:30:00;2021-07-19;25-29;28;27;4;1
1;2022-03-23 00:30:00;2021-07-19;30-34;30;32;2;3
1;2022-03-23 00:30:00;2021-07-19;35-39;43;37;9;11
1;2022-03-23 00:30:00;2021-07-19;40-44;29;34;8;9
1;2022-03-23 00:30:00;2021-07-19;45-49;51;73;10;13
1;2022-03-23 00:30:00;2021-07-19;50-54;54;56;12;16
1;2022-03-23 00:30:00;2021-07-19;55-59;46;49;11;13
1;2022-03-23 00:30:00;2021-07-19;60-64;57;63;16;19
1;2022-03-23 00:30:00;2021-07-19;65-69;32;32;10;11
1;2022-03-23 00:30:00;2021-07-19;70-74;21;25;5;6
1;2022-03-23 00:30:00;2021-07-19;75-79;39;41;9;10
1;2022-03-23 00:30:00;2021-07-19;80-84;26;29;1;1
1;2022-03-23 00:30:00;2021-07-19;85-89;23;27;1;1
1;2022-03-23 00:30:00;2021-07-19;90+;8;13;0;0
1;2022-03-23 00:30:00;2021-07-19;Unknown;0;0;0;0
1;2022-03-23 00:30:00;2021-07-26;0-14;12;10;0;0
1;2022-03-23 00:30:00;2021-07-26;15-19;7;5;2;2
1;2022-03-23 00:30:00;2021-07-26;20-24;18;12;1;2
1;2022-03-23 00:30:00;2021-07-26;25-29;25;31;4;5
1;2022-03-23 00:30:00;2021-07-26;30-34;35;34;3;2
1;2022-03-23 00:30:00;2021-07-26;35-39;33;37;9;8
1;2022-03-23 00:30:00;2021-07-26;40-44;43;36;9;7
1;2022-03-23 00:30:00;2021-07-26;45-49;56;43;14;17
1;2022-03-23 00:30:00;2021-07-26;50-54;63;55;15;14
1;2022-03-23 00:30:00;2021-07-26;55-59;59;57;15;16
1;2022-03-23 00:30:00;2021-07-26;60-64;59;59;15;15
1;2022-03-23 00:30:00;2021-07-26;65-69;42;41;21;18
1;2022-03-23 00:30:00;2021-07-26;70-74;45;43;10;11
1;2022-03-23 00:30:00;2021-07-26;75-79;48;40;11;11
1;2022-03-23 00:30:00;2021-07-26;80-84;31;28;2;2
1;2022-03-23 00:30:00;2021-07-26;85-89;23;23;1;1
1;2022-03-23 00:30:00;2021-07-26;90+;23;24;0;0
1;2022-03-23 00:30:00;2021-07-26;Unknown;0;0;0;0
1;2022-03-23 00:30:00;2021-08-02;0-14;12;14;0;0
1;2022-03-23 00:30:00;2021-08-02;15-19;4;4;1;1
1;2022-03-23 00:30:00;2021-08-02;20-24;10;10;3;2
1;2022-03-23 00:30:00;2021-08-02;25-29;20;15;5;5
1;2022-03-23 00:30:00;2021-08-02;30-34;33;32;9;9
1;2022-03-23 00:30:00;2021-08-02;35-39;26;23;7;10
1;2022-03-23 00:30:00;2021-08-02;40-44;28;28;6;6
1;2022-03-23 00:30:00;2021-08-02;45-49;31;30;9;8
1;2022-03-23 00:30:00;2021-08-02;50-54;44;44;14;14
1;2022-03-23 00:30:00;2021-08-02;55-59;39;35;14;12
1;2022-03-23 00:30:00;2021-08-02;60-64;50;46;15;16
1;2022-03-23 00:30:00;2021-08-02;65-69;39;34;12;11
1;2022-03-23 00:30:00;2021-08-02;70-74;38;38;10;15
1;2022-03-23 00:30:00;2021-08-02;75-79;28;27;12;11
1;2022-03-23 00:30:00;2021-08-02;80-84;24;25;1;1
1;2022-03-23 00:30:00;2021-08-02;85-89;26;25;0;0
1;2022-03-23 00:30:00;2021-08-02;90+;15;10;0;0
1;2022-03-23 00:30:00;2021-08-02;Unknown;0;0;0;0
1;2022-03-23 00:30:00;2021-08-09;0-14;9;10;0;0
1;2022-03-23 00:30:00;2021-08-09;15-19;1;1;0;0
1;2022-03-23 00:30:00;2021-08-09;20-24;9;10;1;1
1;2022-03-23 00:30:00;2021-08-09;25-29;27;32;5;3
1;2022-03-23 00:30:00;2021-08-09;30-34;17;19;2;3
1;2022-03-23 00:30:00;2021-08-09;35-39;24;25;5;3
1;2022-03-23 00:30:00;2021-08-09;40-44;31;29;5;5
1;2022-03-23 00:30:00;2021-08-09;45-49;25;20;11;8
1;2022-03-23 00:30:00;2021-08-09;50-54;49;54;12;10
1;2022-03-23 00:30:00;2021-08-09;55-59;44;40;8;12
1;2022-03-23 00:30:00;2021-08-09;60-64;43;44;14;11
1;2022-03-23 00:30:00;2021-08-09;65-69;37;41;13;15
1;2022-03-23 00:30:00;2021-08-09;70-74;30;29;19;15
1;2022-03-23 00:30:00;2021-08-09;75-79;39;48;6;5
1;2022-03-23 00:30:00;2021-08-09;80-84;28;30;1;1
1;2022-03-23 00:30:00;2021-08-09;85-89;19;26;0;0
1;2022-03-23 00:30:00;2021-08-09;90+;9;10;0;0
1;2022-03-23 00:30:00;2021-08-09;Unknown;0;0;0;0
1;2022-03-23 00:30:00;2021-08-16;0-14;11;10;0;0
1;2022-03-23 00:30:00;2021-08-16;15-19;2;2;0;0
1;2022-03-23 00:30:00;2021-08-16;20-24;9;5;1;1
1;2022-03-23 00:30:00;2021-08-16;25-29;23;16;1;3
1;2022-03-23 00:30:00;2021-08-16;30-34;32;33;6;5
1;2022-03-23 00:30:00;2021-08-16;35-39;23;21;4;3
1;2022-03-23 00:30:00;2021-08-16;40-44;34;35;6;7
1;2022-03-23 00:30:00;2021-08-16;45-49;33;35;7;6
1;2022-03-23 00:30:00;2021-08-16;50-54;49;42;10;14
1;2022-03-23 00:30:00;2021-08-16;55-59;47;47;13;12
1;2022-03-23 00:30:00;2021-08-16;60-64;32;34;11;13
1;2022-03-23 00:30:00;2021-08-16;65-69;32;32;14;16
1;2022-03-23 00:30:00;2021-08-16;70-74;35;34;5;7
1;2022-03-23 00:30:00;2021-08-16;75-79;29;25;5;6
1;2022-03-23 00:30:00;2021-08-16;80-84;30;32;1;2
1;2022-03-23 00:30:00;2021-08-16;85-89;29;18;1;1
1;2022-03-23 00:30:00;2021-08-16;90+;9;8;0;0
1;2022-03-23 00:30:00;2021-08-16;Unknown;0;0;0;0
1;2022-03-23 00:30:00;2021-08-23;0-14;15;11;0;0
1;2022-03-23 00:30:00;2021-08-23;15-19;3;3;1;1
1;2022-03-23 00:30:00;2021-08-23;20-24;14;10;0;0
1;2022-03-23 00:30:00;2021-08-23;25-29;16;17;1;1
1;2022-03-23 00:30:00;2021-08-23;30-34;31;23;8;8
1;2022-03-23 00:30:00;2021-08-23;35-39;29;25;6;6
1;2022-03-23 00:30:00;2021-08-23;40-44;34;31;8;7
1;2022-03-23 00:30:00;2021-08-23;45-49;33;26;9;9
1;2022-03-23 00:30:00;2021-08-23;50-54;40;37;15;11
1;2022-03-23 00:30:00;2021-08-23;55-59;42;37;16;13
1;2022-03-23 00:30:00;2021-08-23;60-64;45;39;17;16
1;2022-03-23 00:30:00;2021-08-23;65-69;33;27;9;8
1;2022-03-23 00:30:00;2021-08-23;70-74;48;32;8;5
1;2022-03-23 00:30:00;2021-08-23;75-79;55;37;7;6
1;2022-03-23 00:30:00;2021-08-23;80-84;52;34;2;2
1;2022-03-23 00:30:00;2021-08-23;85-89;42;26;1;2
1;2022-03-23 00:30:00;2021-08-23;90+;20;12;0;0
1;2022-03-23 00:30:00;2021-08-23;Unknown;0;0;0;0
1;2022-03-23 00:30:00;2021-08-30;0-14;13;16;0;0
1;2022-03-23 00:30:00;2021-08-30;15-19;2;1;0;0
1;2022-03-23 00:30:00;2021-08-30;20-24;8;8;1;1
1;2022-03-23 00:30:00;2021-08-30;25-29;24;19;4;3
1;2022-03-23 00:30:00;2021-08-30;30-34;26;23;6;7
1;2022-03-23 00:30:00;2021-08-30;35-39;20;20;6;6
1;2022-03-23 00:30:00;2021-08-30;40-44;22;24;4;5
1;2022-03-23 00:30:00;2021-08-30;45-49;26;27;6;6
1;2022-03-23 00:30:00;2021-08-30;50-54;35;30;8;9
1;2022-03-23 00:30:00;2021-08-30;55-59;42;44;11;11
1;2022-03-23 00:30:00;2021-08-30;60-64;35;43;10;11
1;2022-03-23 00:30:00;2021-08-30;65-69;42;37;12;10
1;2022-03-23 00:30:00;2021-08-30;70-74;35;29;12;12
1;2022-03-23 00:30:00;2021-08-30;75-79;34;44;8;8
1;2022-03-23 00:30:00;2021-08-30;80-84;30;29;2;2
1;2022-03-23 00:30:00;2021-08-30;85-89;20;23;1;0
1;2022-03-23 00:30:00;2021-08-30;90+;7;10;0;0
1;2022-03-23 00:30:00;2021-08-30;Unknown;0;0;0;0
1;2022-03-23 00:30:00;2021-09-06;0-14;12;10;0;0
1;2022-03-23 00:30:00;2021-09-06;15-19;2;2;2;2
1;2022-03-23 00:30:00;2021-09-06;20-24;6;9;1;2
1;2022-03-23 00:30:00;2021-09-06;25-29;11;10;2;1
1;2022-03-23 00:30:00;2021-09-06;30-34;21;24;7;7
1;2022-03-23 00:30:00;2021-09-06;35-39;29;30;7;6
1;2022-03-23 00:30:00;2021-09-06;40-44;25;20;3;4
1;2022-03-23 00:30:00;2021-09-06;45-49;28;29;5;5
1;2022-03-23 00:30:00;2021-09-06;50-54;22;23;8;7
1;2022-03-23 00:30:00;2021-09-06;55-59;36;35;9;13
1;2022-03-23 00:30:00;2021-09-06;60-64;39;27;11;9
1;2022-03-23 00:30:00;2021-09-06;65-69;30;35;11;9
1;2022-03-23 00:30:00;2021-09-06;70-74;28;33;5;5
1;2022-03-23 00:30:00;2021-09-06;75-79;34;32;6;6
1;2022-03-23 00:30:00;2021-09-06;80-84;34;32;3;3
1;2022-03-23 00:30:00;2021-09-06;85-89;21;22;1;1
1;2022-03-23 00:30:00;2021-09-06;90+;13;8;0;0
1;2022-03-23 00:30:00;2021-09-06;Unknown;0;0;0;0
1;2022-03-23 00:30:00;2021-09-13;0-14;12;9;0;0
1;2022-03-23 00:30:00;2021-09-13;15-19;3;4;0;0
1;2022-03-23 00:30:00;2021-09-13;20-24;9;6;2;1
1;2022-03-23 00:30:00;2021-09-13;25-29;6;8;0;0
1;2022-03-23 00:30:00;2021-09-13;30-34;16;15;5;4
1;2022-03-23 00:30:00;2021-09-13;35-39;16;12;1;1
1;2022-03-23 00:30:00;2021-09-13;40-44;14;26;5;7
1;2022-03-23 00:30:00;2021-09-13;45-49;27;26;6;5
1;2022-03-23 00:30:00;2021-09-13;50-54;34;37;9;10
1;2022-03-23 00:30:00;2021-09-13;55-59;33;30;12;11
1;2022-03-23 00:30:00;2021-09-13;60-64;29;31;8;9
1;2022-03-23 00:30:00;2021-09-13;65-69;24;23;8;8
1;2022-03-23 00:30:00;2021-09-13;70-74;26;26;9;11
1;2022-03-23 00:30:00;2021-09-13;75-79;25;23;0;0
1;2022-03-23 00:30:00;2021-09-13;80-84;26;22;1;0
1;2022-03-23 00:30:00;2021-09-13;85-89;17;9;0;0
1;2022-03-23 00:30:00;2021-09-13;90+;8;7;0;0
1;2022-03-23 00:30:00;2021-09-13;Unknown;0;0;0;0
1;2022-03-23 00:30:00;2021-09-20;0-14;10;8;0;0
1;2022-03-23 00:30:00;2021-09-20;15-19;1;0;0;1
1;2022-03-23 00:30:00;2021-09-20;20-24;5;6;1;1
1;2022-03-23 00:30:00;2021-09-20;25-29;6;6;1;2
1;2022-03-23 00:30:00;2021-09-20;30-34;10;5;2;2
1;2022-03-23 00:30:00;2021-09-20;35-39;11;8;2;2
1;2022-03-23 00:30:00;2021-09-20;40-44;29;25;7;4
1;2022-03-23 00:30:00;2021-09-20;45-49;24;20;5;5
1;2022-03-23 00:30:00;2021-09-20;50-54;21;19;6;4
1;2022-03-23 00:30:00;2021-09-20;55-59;16;18;10;6
1;2022-03-23 00:30:00;2021-09-20;60-64;20;25;8;7
1;2022-03-23 00:30:00;2021-09-20;65-69;20;24;4;5
1;2022-03-23 00:30:00;2021-09-20;70-74;23;30;13;12
1;2022-03-23 00:30:00;2021-09-20;75-79;18;11;4;6
1;2022-03-23 00:30:00;2021-09-20;80-84;17;24;1;1
1;2022-03-23 00:30:00;2021-09-20;85-89;8;11;0;0
1;2022-03-23 00:30:00;2021-09-20;90+;3;3;0;0
1;2022-03-23 00:30:00;2021-09-20;Unknown;0;0;0;0
1;2022-03-23 00:30:00;2021-09-27;0-14;5;5;0;0
1;2022-03-23 00:30:00;2021-09-27;15-19;1;1;1;0
1;2022-03-23 00:30:00;2021-09-27;20-24;3;5;0;0
1;2022-03-23 00:30:00;2021-09-27;25-29;7;6;2;3
1;2022-03-23 00:30:00;2021-09-27;30-34;13;14;0;0
1;2022-03-23 00:30:00;2021-09-27;35-39;13;18;2;3
1;2022-03-23 00:30:00;2021-09-27;40-44;21;16;6;5
1;2022-03-23 00:30:00;2021-09-27;45-49;7;11;1;2
1;2022-03-23 00:30:00;2021-09-27;50-54;24;27;4;3
1;2022-03-23 00:30:00;2021-09-27;55-59;17;22;4;6
1;2022-03-23 00:30:00;2021-09-27;60-64;27;26;7;9
1;2022-03-23 00:30:00;2021-09-27;65-69;26;25;4;4
1;2022-03-23 00:30:00;2021-09-27;70-74;24;18;6;5
1;2022-03-23 00:30:00;2021-09-27;75-79;15;27;5;3
1;2022-03-23 00:30:00;2021-09-27;80-84;26;26;0;1
1;2022-03-23 00:30:00;2021-09-27;85-89;10;18;0;0
1;2022-03-23 00:30:00;2021-09-27;90+;9;13;0;0
1;2022-03-23 00:30:00;2021-09-27;Unknown;0;0;0;0
1;2022-03-23 00:30:00;2021-10-04;0-14;4;6;0;0
1;2022-03-23 00:30:00;2021-10-04;15-19;0;3;0;0
1;2022-03-23 00:30:00;2021-10-04;20-24;4;1;0;0
1;2022-03-23 00:30:00;2021-10-04;25-29;11;11;2;1
1;2022-03-23 00:30:00;2021-10-04;30-34;8;9;2;3
1;2022-03-23 00:30:00;2021-10-04;35-39;16;15;3;3
1;2022-03-23 00:30:00;2021-10-04;40-44;13;10;4;4
1;2022-03-23 00:30:00;2021-10-04;45-49;21;21;4;4
1;2022-03-23 00:30:00;2021-10-04;50-54;25;20;3;5
1;2022-03-23 00:30:00;2021-10-04;55-59;32;32;10;9
1;2022-03-23 00:30:00;2021-10-04;60-64;23;30;9;9
1;2022-03-23 00:30:00;2021-10-04;65-69;24;26;10;9
1;2022-03-23 00:30:00;2021-10-04;70-74;42;55;14;16
1;2022-03-23 00:30:00;2021-10-04;75-79;30;34;4;5
1;2022-03-23 00:30:00;2021-10-04;80-84;28;38;3;2
1;2022-03-23 00:30:00;2021-10-04;85-89;19;25;0;1
1;2022-03-23 00:30:00;2021-10-04;90+;7;9;0;0
1;2022-03-23 00:30:00;2021-10-04;Unknown;0;0;0;0
1;2022-03-23 00:30:00;2021-10-11;0-14;11;9;0;0
1;2022-03-23 00:30:00;2021-10-11;15-19;2;1;0;0
1;2022-03-23 00:30:00;2021-10-11;20-24;1;1;0;0
1;2022-03-23 00:30:00;2021-10-11;25-29;9;13;2;1
1;2022-03-23 00:30:00;2021-10-11;30-34;19;19;2;2
1;2022-03-23 00:30:00;2021-10-11;35-39;16;13;5;4
1;2022-03-23 00:30:00;2021-10-11;40-44;16;19;5;6
1;2022-03-23 00:30:00;2021-10-11;45-49;16;18;2;3
1;2022-03-23 00:30:00;2021-10-11;50-54;20;24;8;8
1;2022-03-23 00:30:00;2021-10-11;55-59;37;38;6;7
1;2022-03-23 00:30:00;2021-10-11;60-64;41;46;13;14
1;2022-03-23 00:30:00;2021-10-11;65-69;36;48;8;11
1;2022-03-23 00:30:00;2021-10-11;70-74;35;48;8;9
1;2022-03-23 00:30:00;2021-10-11;75-79;44;52;7;8
1;2022-03-23 00:30:00;2021-10-11;80-84;44;57;6;6
1;2022-03-23 00:30:00;2021-10-11;85-89;32;37;1;1
1;2022-03-23 00:30:00;2021-10-11;90+;19;28;0;0
1;2022-03-23 00:30:00;2021-10-11;Unknown;0;0;0;0
1;2022-03-23 00:30:00;2021-10-18;0-14;16;19;0;0
1;2022-03-23 00:30:00;2021-10-18;15-19;4;3;1;1
1;2022-03-23 00:30:00;2021-10-18;20-24;7;9;0;0
1;2022-03-23 00:30:00;2021-10-18;25-29;8;9;2;2
1;2022-03-23 00:30:00;2021-10-18;30-34;19;24;1;1
1;2022-03-23 00:30:00;2021-10-18;35-39;13;21;2;4
1;2022-03-23 00:30:00;2021-10-18;40-44;22;19;6;5
1;2022-03-23 00:30:00;2021-10-18;45-49;28;33;5;5
1;2022-03-23 00:30:00;2021-10-18;50-54;31;32;8;6
1;2022-03-23 00:30:00;2021-10-18;55-59;44;49;17;17
1;2022-03-23 00:30:00;2021-10-18;60-64;49;52;13;13
1;2022-03-23 00:30:00;2021-10-18;65-69;63;64;22;22
1;2022-03-23 00:30:00;2021-10-18;70-74;72;74;23;21
1;2022-03-23 00:30:00;2021-10-18;75-79;63;93;11;15
1;2022-03-23 00:30:00;2021-10-18;80-84;76;81;4;5
1;2022-03-23 00:30:00;2021-10-18;85-89;58;80;1;0
1;2022-03-23 00:30:00;2021-10-18;90+;25;28;0;0
1;2022-03-23 00:30:00;2021-10-18;Unknown;0;0;0;0
1;2022-03-23 00:30:00;2021-10-25;0-14;11;12;0;0
1;2022-03-23 00:30:00;2021-10-25;15-19;3;3;0;0
1;2022-03-23 00:30:00;2021-10-25;20-24;12;10;0;0
1;2022-03-23 00:30:00;2021-10-25;25-29;17;21;2;3
1;2022-03-23 00:30:00;2021-10-25;30-34;31;25;4;3
1;2022-03-23 00:30:00;2021-10-25;35-39;31;28;8;6
1;2022-03-23 00:30:00;2021-10-25;40-44;31;42;7;8
1;2022-03-23 00:30:00;2021-10-25;45-49;33;34;10;10
1;2022-03-23 00:30:00;2021-10-25;50-54;35;44;11;11
1;2022-03-23 00:30:00;2021-10-25;55-59;53;60;12;13
1;2022-03-23 00:30:00;2021-10-25;60-64;72;80;20;19
1;2022-03-23 00:30:00;2021-10-25;65-69;81;91;23;28
1;2022-03-23 00:30:00;2021-10-25;70-74;98;121;20;21
1;2022-03-23 00:30:00;2021-10-25;75-79;133;169;18;15
1;2022-03-23 00:30:00;2021-10-25;80-84;112;138;4;6
1;2022-03-23 00:30:00;2021-10-25;85-89;72;82;1;1
1;2022-03-23 00:30:00;2021-10-25;90+;49;55;0;0
1;2022-03-23 00:30:00;2021-10-25;Unknown;0;0;0;0
1;2022-03-23 00:30:00;2021-11-01;0-14;18;16;0;0
1;2022-03-23 00:30:00;2021-11-01;15-19;2;2;0;0
1;2022-03-23 00:30:00;2021-11-01;20-24;9;14;2;2
1;2022-03-23 00:30:00;2021-11-01;25-29;21;19;4;4
1;2022-03-23 00:30:00;2021-11-01;30-34;22;30;3;4
1;2022-03-23 00:30:00;2021-11-01;35-39;31;35;10;10
1;2022-03-23 00:30:00;2021-11-01;40-44;30;27;4;5
1;2022-03-23 00:30:00;2021-11-01;45-49;51;53;12;15
1;2022-03-23 00:30:00;2021-11-01;50-54;63;67;18;20
1;2022-03-23 00:30:00;2021-11-01;55-59;60;65;21;22
1;2022-03-23 00:30:00;2021-11-01;60-64;110;119;29;34
1;2022-03-23 00:30:00;2021-11-01;65-69;113;129;37;35
1;2022-03-23 00:30:00;2021-11-01;70-74;154;166;31;37
1;2022-03-23 00:30:00;2021-11-01;75-79;181;169;16;18
1;2022-03-23 00:30:00;2021-11-01;80-84;167;176;6;3
1;2022-03-23 00:30:00;2021-11-01;85-89;127;135;0;0
1;2022-03-23 00:30:00;2021-11-01;90+;65;64;0;0
1;2022-03-23 00:30:00;2021-11-01;Unknown;0;0;0;0
1;2022-03-23 00:30:00;2021-11-08;0-14;26;32;0;0
1;2022-03-23 00:30:00;2021-11-08;15-19;3;6;0;0
1;2022-03-23 00:30:00;2021-11-08;20-24;13;16;3;4
1;2022-03-23 00:30:00;2021-11-08;25-29;25;25;2;2
1;2022-03-23 00:30:00;2021-11-08;30-34;39;33;3;4
1;2022-03-23 00:30:00;2021-11-08;35-39;46;52;9;12
1;2022-03-23 00:30:00;2021-11-08;40-44;44;42;9;7
1;2022-03-23 00:30:00;2021-11-08;45-49;55;56;13;10
1;2022-03-23 00:30:00;2021-11-08;50-54;79;82;18;22
1;2022-03-23 00:30:00;2021-11-08;55-59;91;93;16;15
1;2022-03-23 00:30:00;2021-11-08;60-64;124;128;44;46
1;2022-03-23 00:30:00;2021-11-08;65-69;137;156;27;26
1;2022-03-23 00:30:00;2021-11-08;70-74;167;183;37;33
1;2022-03-23 00:30:00;2021-11-08;75-79;211;216;29;32
1;2022-03-23 00:30:00;2021-11-08;80-84;186;224;9;11
1;2022-03-23 00:30:00;2021-11-08;85-89;156;172;2;2
1;2022-03-23 00:30:00;2021-11-08;90+;53;70;0;0
1;2022-03-23 00:30:00;2021-11-08;Unknown;0;0;0;0
1;2022-03-23 00:30:00;2021-11-15;0-14;33;36;0;0
1;2022-03-23 00:30:00;2021-11-15;15-19;12;8;0;0
1;2022-03-23 00:30:00;2021-11-15;20-24;18;14;4;3
1;2022-03-23 00:30:00;2021-11-15;25-29;32;32;3;3
1;2022-03-23 00:30:00;2021-11-15;30-34;54;65;11;11
1;2022-03-23 00:30:00;2021-11-15;35-39;51;52;11;8
1;2022-03-23 00:30:00;2021-11-15;40-44;50;48;15;16
1;2022-03-23 00:30:00;2021-11-15;45-49;72;69;12;15
1;2022-03-23 00:30:00;2021-11-15;50-54;105;101;27;25
1;2022-03-23 00:30:00;2021-11-15;55-59;113;116;37;39
1;2022-03-23 00:30:00;2021-11-15;60-64;180;178;43;39
1;2022-03-23 00:30:00;2021-11-15;65-69;221;213;55;59
1;2022-03-23 00:30:00;2021-11-15;70-74;248;233;54;54
1;2022-03-23 00:30:00;2021-11-15;75-79;268;284;28;24
1;2022-03-23 00:30:00;2021-11-15;80-84;291;266;5;4
1;2022-03-23 00:30:00;2021-11-15;85-89;196;190;1;1
1;2022-03-23 00:30:00;2021-11-15;90+;105;88;0;0
1;2022-03-23 00:30:00;2021-11-15;Unknown;0;0;0;0
1;2022-03-23 00:30:00;2021-11-22;0-14;45;47;0;0
1;2022-03-23 00:30:00;2021-11-22;15-19;2;2;1;1
1;2022-03-23 00:30:00;2021-11-22;20-24;13;16;2;2
1;2022-03-23 00:30:00;2021-11-22;25-29;32;30;4;3
1;2022-03-23 00:30:00;2021-11-22;30-34;46;43;11;14
1;2022-03-23 00:30:00;2021-11-22;35-39;62;63;11;15
1;2022-03-23 00:30:00;2021-11-22;40-44;53;61;8;10
1;2022-03-23 00:30:00;2021-11-22;45-49;74;91;19;21
1;2022-03-23 00:30:00;2021-11-22;50-54;119;118;30;35
1;2022-03-23 00:30:00;2021-11-22;55-59;156;159;48;49
1;2022-03-23 00:30:00;2021-11-22;60-64;211;199;55;53
1;2022-03-23 00:30:00;2021-11-22;65-69;216;213;60;61
1;2022-03-23 00:30:00;2021-11-22;70-74;278;286;49;54
1;2022-03-23 00:30:00;2021-11-22;75-79;302;313;40;45
1;2022-03-23 00:30:00;2021-11-22;80-84;266;266;7;7
1;2022-03-23 00:30:00;2021-11-22;85-89;184;177;1;1
1;2022-03-23 00:30:00;2021-11-22;90+;75;84;0;0
1;2022-03-23 00:30:00;2021-11-22;Unknown;0;0;0;0
1;2022-03-23 00:30:00;2021-11-29;0-14;43;34;0;0
1;2022-03-23 00:30:00;2021-11-29;15-19;10;11;2;3
1;2022-03-23 00:30:00;2021-11-29;20-24;29;25;4;4
1;2022-03-23 00:30:00;2021-11-29;25-29;34;35;2;2
1;2022-03-23 00:30:00;2021-11-29;30-34;39;38;11;6
1;2022-03-23 00:30:00;2021-11-29;35-39;70;64;14;11
1;2022-03-23 00:30:00;2021-11-29;40-44;71;63;13;13
1;2022-03-23 00:30:00;2021-11-29;45-49;93;87;26;26
1;2022-03-23 00:30:00;2021-11-29;50-54;126;126;34;28
1;2022-03-23 00:30:00;2021-11-29;55-59;179;165;53;56
1;2022-03-23 00:30:00;2021-11-29;60-64;197;203;53;57
1;2022-03-23 00:30:00;2021-11-29;65-69;235;222;51;47
1;2022-03-23 00:30:00;2021-11-29;70-74;261;246;64;59
1;2022-03-23 00:30:00;2021-11-29;75-79;330;306;36;32
1;2022-03-23 00:30:00;2021-11-29;80-84;256;232;6;5
1;2022-03-23 00:30:00;2021-11-29;85-89;212;191;1;1
1;2022-03-23 00:30:00;2021-11-29;90+;83;87;0;0
1;2022-03-23 00:30:00;2021-11-29;Unknown;0;0;0;0
1;2022-03-23 00:30:00;2021-12-06;0-14;36;43;0;0
1;2022-03-23 00:30:00;2021-12-06;15-19;4;5;2;1
1;2022-03-23 00:30:00;2021-12-06;20-24;19;23;2;3
1;2022-03-23 00:30:00;2021-12-06;25-29;40;41;7;7
1;2022-03-23 00:30:00;2021-12-06;30-34;68;63;9;11
1;2022-03-23 00:30:00;2021-12-06;35-39;64;60;13;12
1;2022-03-23 00:30:00;2021-12-06;40-44;53;62;6;7
1;2022-03-23 00:30:00;2021-12-06;45-49;94;91;33;31
1;2022-03-23 00:30:00;2021-12-06;50-54;128;133;38;37
1;2022-03-23 00:30:00;2021-12-06;55-59;140;143;38;32
1;2022-03-23 00:30:00;2021-12-06;60-64;196;203;47;46
1;2022-03-23 00:30:00;2021-12-06;65-69;193;203;54;57
1;2022-03-23 00:30:00;2021-12-06;70-74;242;249;48;44
1;2022-03-23 00:30:00;2021-12-06;75-79;288;278;38;38
1;2022-03-23 00:30:00;2021-12-06;80-84;206;202;3;3
1;2022-03-23 00:30:00;2021-12-06;85-89;150;152;1;2
1;2022-03-23 00:30:00;2021-12-06;90+;86;67;0;1
1;2022-03-23 00:30:00;2021-12-06;Unknown;0;0;0;0
1;2022-03-23 00:30:00;2021-12-13;0-14;34;27;0;0
1;2022-03-23 00:30:00;2021-12-13;15-19;8;6;1;1
1;2022-03-23 00:30:00;2021-12-13;20-24;14;9;1;0
1;2022-03-23 00:30:00;2021-12-13;25-29;23;18;4;4
1;2022-03-23 00:30:00;2021-12-13;30-34;37;35;10;8
1;2022-03-23 00:30:00;2021-12-13;35-39;39;39;8;9
1;2022-03-23 00:30:00;2021-12-13;40-44;47;39;16;13
1;2022-03-23 00:30:00;2021-12-13;45-49;61;55;15;12
1;2022-03-23 00:30:00;2021-12-13;50-54;95;79;18;21
1;2022-03-23 00:30:00;2021-12-13;55-59;116;108;34;38
1;2022-03-23 00:30:00;2021-12-13;60-64;170;155;49;49
1;2022-03-23 00:30:00;2021-12-13;65-69;182;169;41;37
1;2022-03-23 00:30:00;2021-12-13;70-74;216;193;35;38
1;2022-03-23 00:30:00;2021-12-13;75-79;209;192;25;25
1;2022-03-23 00:30:00;2021-12-13;80-84;191;171;5;5
1;2022-03-23 00:30:00;2021-12-13;85-89;109;98;2;1
1;2022-03-23 00:30:00;2021-12-13;90+;53;48;1;0
1;2022-03-23 00:30:00;2021-12-13;Unknown;0;0;0;0
1;2022-03-23 00:30:00;2021-12-20;0-14;23;31;0;0
1;2022-03-23 00:30:00;2021-12-20;15-19;5;6;0;0
1;2022-03-23 00:30:00;2021-12-20;20-24;6;9;1;3
1;2022-03-23 00:30:00;2021-12-20;25-29;19;18;0;0
1;2022-03-23 00:30:00;2021-12-20;30-34;29;31;6;6
1;2022-03-23 00:30:00;2021-12-20;35-39;42;40;7;7
1;2022-03-23 00:30:00;2021-12-20;40-44;32;31;6;5
1;2022-03-23 00:30:00;2021-12-20;45-49;49;42;12;11
1;2022-03-23 00:30:00;2021-12-20;50-54;81;88;21;20
1;2022-03-23 00:30:00;2021-12-20;55-59;102;102;25;22
1;2022-03-23 00:30:00;2021-12-20;60-64;117;116;33;30
1;2022-03-23 00:30:00;2021-12-20;65-69;132;131;27;29
1;2022-03-23 00:30:00;2021-12-20;70-74;169;161;35;33
1;2022-03-23 00:30:00;2021-12-20;75-79;153;143;19;25
1;2022-03-23 00:30:00;2021-12-20;80-84;123;108;3;4
1;2022-03-23 00:30:00;2021-12-20;85-89;86;75;1;1
1;2022-03-23 00:30:00;2021-12-20;90+;29;24;0;0
1;2022-03-23 00:30:00;2021-12-20;Unknown;0;0;0;0
1;2022-03-23 00:30:00;2021-12-27;0-14;39;28;1;1
1;2022-03-23 00:30:00;2021-12-27;15-19;5;3;0;0
1;2022-03-23 00:30:00;2021-12-27;20-24;15;14;2;1
1;2022-03-23 00:30:00;2021-12-27;25-29;20;26;3;3
1;2022-03-23 00:30:00;2021-12-27;30-34;42;42;4;5
1;2022-03-23 00:30:00;2021-12-27;35-39;36;31;6;5
1;2022-03-23 00:30:00;2021-12-27;40-44;35;38;5;6
1;2022-03-23 00:30:00;2021-12-27;45-49;37;38;9;8
1;2022-03-23 00:30:00;2021-12-27;50-54;70;61;16;14
1;2022-03-23 00:30:00;2021-12-27;55-59;94;98;27;25
1;2022-03-23 00:30:00;2021-12-27;60-64;111;104;28;26
1;2022-03-23 00:30:00;2021-12-27;65-69;131;116;35;31
1;2022-03-23 00:30:00;2021-12-27;70-74;144;128;25;29
1;2022-03-23 00:30:00;2021-12-27;75-79;154;150;18;12
1;2022-03-23 00:30:00;2021-12-27;80-84;100;106;5;3
1;2022-03-23 00:30:00;2021-12-27;85-89;57;49;0;0
1;2022-03-23 00:30:00;2021-12-27;90+;31;32;0;0
1;2022-03-23 00:30:00;2021-12-27;Unknown;0;0;0;0
1;2022-03-23 00:30:00;2022-01-03;0-14;20;30;0;0
1;2022-03-23 00:30:00;2022-01-03;15-19;8;8;0;0
1;2022-03-23 00:30:00;2022-01-03;20-24;13;18;0;0
1;2022-03-23 00:30:00;2022-01-03;25-29;35;35;4;4
1;2022-03-23 00:30:00;2022-01-03;30-34;32;32;3;2
1;2022-03-23 00:30:00;2022-01-03;35-39;30;42;4;5
1;2022-03-23 00:30:00;2022-01-03;40-44;39;38;8;7
1;2022-03-23 00:30:00;2022-01-03;45-49;32;30;6;6
1;2022-03-23 00:30:00;2022-01-03;50-54;62;72;15;17
1;2022-03-23 00:30:00;2022-01-03;55-59;69;82;16;19
1;2022-03-23 00:30:00;2022-01-03;60-64;97;101;23;26
1;2022-03-23 00:30:00;2022-01-03;65-69;101;95;23;20
1;2022-03-23 00:30:00;2022-01-03;70-74;105;87;22;15
1;2022-03-23 00:30:00;2022-01-03;75-79;111;104;16;15
1;2022-03-23 00:30:00;2022-01-03;80-84;95;95;6;7
1;2022-03-23 00:30:00;2022-01-03;85-89;53;63;1;2
1;2022-03-23 00:30:00;2022-01-03;90+;39;38;0;0
1;2022-03-23 00:30:00;2022-01-03;Unknown;0;0;0;0
1;2022-03-23 00:30:00;2022-01-10;0-14;40;32;0;0
1;2022-03-23 00:30:00;2022-01-10;15-19;5;10;0;0
1;2022-03-23 00:30:00;2022-01-10;20-24;14;16;0;0
1;2022-03-23 00:30:00;2022-01-10;25-29;31;32;2;2
1;2022-03-23 00:30:00;2022-01-10;30-34;34;41;0;0
1;2022-03-23 00:30:00;2022-01-10;35-39;35;33;4;3
1;2022-03-23 00:30:00;2022-01-10;40-44;35;34;4;5
1;2022-03-23 00:30:00;2022-01-10;45-49;23;28;4;4
1;2022-03-23 00:30:00;2022-01-10;50-54;55;48;12;10
1;2022-03-23 00:30:00;2022-01-10;55-59;77;71;13;10
1;2022-03-23 00:30:00;2022-01-10;60-64;79;76;17;16
1;2022-03-23 00:30:00;2022-01-10;65-69;65;61;23;22
1;2022-03-23 00:30:00;2022-01-10;70-74;67;79;16;16
1;2022-03-23 00:30:00;2022-01-10;75-79;74;79;8;3
1;2022-03-23 00:30:00;2022-01-10;80-84;70;75;5;6
1;2022-03-23 00:30:00;2022-01-10;85-89;60;59;1;0
1;2022-03-23 00:30:00;2022-01-10;90+;27;28;0;0
1;2022-03-23 00:30:00;2022-01-10;Unknown;0;0;0;0
1;2022-03-23 00:30:00;2022-01-17;0-14;79;107;0;0
1;2022-03-23 00:30:00;2022-01-17;15-19;14;11;1;1
1;2022-03-23 00:30:00;2022-01-17;20-24;30;31;1;1
1;2022-03-23 00:30:00;2022-01-17;25-29;44;50;0;1
1;2022-03-23 00:30:00;2022-01-17;30-34;59;60;1;1
1;2022-03-23 00:30:00;2022-01-17;35-39;42;43;2;2
1;2022-03-23 00:30:00;2022-01-17;40-44;43;44;1;1
1;2022-03-23 00:30:00;2022-01-17;45-49;28;29;4;3
1;2022-03-23 00:30:00;2022-01-17;50-54;51;56;8;7
1;2022-03-23 00:30:00;2022-01-17;55-59;70;70;10;9
1;2022-03-23 00:30:00;2022-01-17;60-64;64;66;10;7
1;2022-03-23 00:30:00;2022-01-17;65-69;63;83;9;10
1;2022-03-23 00:30:00;2022-01-17;70-74;78;99;16;16
1;2022-03-23 00:30:00;2022-01-17;75-79;80;82;4;4
1;2022-03-23 00:30:00;2022-01-17;80-84;67;76;3;4
1;2022-03-23 00:30:00;2022-01-17;85-89;57;67;0;0
1;2022-03-23 00:30:00;2022-01-17;90+;29;39;0;0
1;2022-03-23 00:30:00;2022-01-17;Unknown;0;0;0;0
1;2022-03-23 00:30:00;2022-01-24;0-14;119;134;0;0
1;2022-03-23 00:30:00;2022-01-24;15-19;17;18;1;1
1;2022-03-23 00:30:00;2022-01-24;20-24;34;38;4;4
1;2022-03-23 00:30:00;2022-01-24;25-29;50;55;3;3
1;2022-03-23 00:30:00;2022-01-24;30-34;59;74;0;0
1;2022-03-23 00:30:00;2022-01-24;35-39;67;74;5;5
1;2022-03-23 00:30:00;2022-01-24;40-44;47;53;4;4
1;2022-03-23 00:30:00;2022-01-24;45-49;37;43;5;5
1;2022-03-23 00:30:00;2022-01-24;50-54;58;67;9;8
1;2022-03-23 00:30:00;2022-01-24;55-59;57;63;5;7
1;2022-03-23 00:30:00;2022-01-24;60-64;79;83;10;11
1;2022-03-23 00:30:00;2022-01-24;65-69;76;86;10;9
1;2022-03-23 00:30:00;2022-01-24;70-74;89;94;11;10
1;2022-03-23 00:30:00;2022-01-24;75-79;106;122;8;11
1;2022-03-23 00:30:00;2022-01-24;80-84;90;108;5;3
1;2022-03-23 00:30:00;2022-01-24;85-89;64;82;1;1
1;2022-03-23 00:30:00;2022-01-24;90+;52;64;1;1
1;2022-03-23 00:30:00;2022-01-24;Unknown;0;0;0;0
1;2022-03-23 00:30:00;2022-01-31;0-14;131;124;0;0
1;2022-03-23 00:30:00;2022-01-31;15-19;18;22;1;1
1;2022-03-23 00:30:00;2022-01-31;20-24;42;39;6;8
1;2022-03-23 00:30:00;2022-01-31;25-29;65;59;4;3
1;2022-03-23 00:30:00;2022-01-31;30-34;81;84;2;2
1;2022-03-23 00:30:00;2022-01-31;35-39;82;88;2;3
1;2022-03-23 00:30:00;2022-01-31;40-44;58;56;7;6
1;2022-03-23 00:30:00;2022-01-31;45-49;54;56;6;6
1;2022-03-23 00:30:00;2022-01-31;50-54;73;67;10;12
1;2022-03-23 00:30:00;2022-01-31;55-59;84;85;15;14
1;2022-03-23 00:30:00;2022-01-31;60-64;96;109;14;18
1;2022-03-23 00:30:00;2022-01-31;65-69;118;117;22;25
1;2022-03-23 00:30:00;2022-01-31;70-74;120;147;9;13
1;2022-03-23 00:30:00;2022-01-31;75-79;137;138;8;9
1;2022-03-23 00:30:00;2022-01-31;80-84;138;139;3;5
1;2022-03-23 00:30:00;2022-01-31;85-89;111;111;1;1
1;2022-03-23 00:30:00;2022-01-31;90+;55;48;0;0
1;2022-03-23 00:30:00;2022-01-31;Unknown;0;0;0;0
1;2022-03-23 00:30:00;2022-02-07;0-14;124;116;0;0
1;2022-03-23 00:30:00;2022-02-07;15-19;20;18;0;1
1;2022-03-23 00:30:00;2022-02-07;20-24;30;31;2;0
1;2022-03-23 00:30:00;2022-02-07;25-29;42;43;1;1
1;2022-03-23 00:30:00;2022-02-07;30-34;83;81;1;1
1;2022-03-23 00:30:00;2022-02-07;35-39;63;62;3;3
1;2022-03-23 00:30:00;2022-02-07;40-44;51;51;3;5
1;2022-03-23 00:30:00;2022-02-07;45-49;49;49;1;4
1;2022-03-23 00:30:00;2022-02-07;50-54;65;71;9;8
1;2022-03-23 00:30:00;2022-02-07;55-59;88;87;8;8
1;2022-03-23 00:30:00;2022-02-07;60-64;96;97;13;10
1;2022-03-23 00:30:00;2022-02-07;65-69;110;111;17;19
1;2022-03-23 00:30:00;2022-02-07;70-74;165;167;10;15
1;2022-03-23 00:30:00;2022-02-07;75-79;104;123;11;9
1;2022-03-23 00:30:00;2022-02-07;80-84;135;152;10;10
1;2022-03-23 00:30:00;2022-02-07;85-89;101;106;2;2
1;2022-03-23 00:30:00;2022-02-07;90+;49;68;0;0
1;2022-03-23 00:30:00;2022-02-07;Unknown;0;0;0;0
1;2022-03-23 00:30:00;2022-02-14;0-14;111;103;0;0
1;2022-03-23 00:30:00;2022-02-14;15-19;12;14;1;0
1;2022-03-23 00:30:00;2022-02-14;20-24;37;30;2;1
1;2022-03-23 00:30:00;2022-02-14;25-29;49;45;1;1
1;2022-03-23 00:30:00;2022-02-14;30-34;66;48;1;3
1;2022-03-23 00:30:00;2022-02-14;35-39;64;49;4;4
1;2022-03-23 00:30:00;2022-02-14;40-44;52;50;5;3
1;2022-03-23 00:30:00;2022-02-14;45-49;47;40;4;3
1;2022-03-23 00:30:00;2022-02-14;50-54;70;63;5;6
1;2022-03-23 00:30:00;2022-02-14;55-59;81;80;9;11
1;2022-03-23 00:30:00;2022-02-14;60-64;114;102;16;18
1;2022-03-23 00:30:00;2022-02-14;65-69;135;137;18;13
1;2022-03-23 00:30:00;2022-02-14;70-74;153;127;20;14
1;2022-03-23 00:30:00;2022-02-14;75-79;182;166;19;18
1;2022-03-23 00:30:00;2022-02-14;80-84;167;156;9;8
1;2022-03-23 00:30:00;2022-02-14;85-89;137;135;2;2
1;2022-03-23 00:30:00;2022-02-14;90+;90;65;0;0
1;2022-03-23 00:30:00;2022-02-14;Unknown;0;0;0;0
1;2022-03-23 00:30:00;2022-02-21;0-14;88;82;0;0
1;2022-03-23 00:30:00;2022-02-21;15-19;12;10;0;0
1;2022-03-23 00:30:00;2022-02-21;20-24;20;15;0;0
1;2022-03-23 00:30:00;2022-02-21;25-29;27;26;1;1
1;2022-03-23 00:30:00;2022-02-21;30-34;43;37;3;0
1;2022-03-23 00:30:00;2022-02-21;35-39;36;33;5;5
1;2022-03-23 00:30:00;2022-02-21;40-44;41;38;1;1
1;2022-03-23 00:30:00;2022-02-21;45-49;38;36;4;5
1;2022-03-23 00:30:00;2022-02-21;50-54;66;61;9;8
1;2022-03-23 00:30:00;2022-02-21;55-59;81;68;14;14
1;2022-03-23 00:30:00;2022-02-21;60-64;90;87;20;14
1;2022-03-23 00:30:00;2022-02-21;65-69;114;115;14;18
1;2022-03-23 00:30:00;2022-02-21;70-74;121;122;17;16
1;2022-03-23 00:30:00;2022-02-21;75-79;164;162;11;14
1;2022-03-23 00:30:00;2022-02-21;80-84;136;134;2;0
1;2022-03-23 00:30:00;2022-02-21;85-89;108;107;0;1
1;2022-03-23 00:30:00;2022-02-21;90+;51;57;0;0
1;2022-03-23 00:30:00;2022-02-21;Unknown;0;0;0;0
1;2022-03-23 00:30:00;2022-02-28;0-14;75;82;0;0
1;2022-03-23 00:30:00;2022-02-28;15-19;11;10;0;0
1;2022-03-23 00:30:00;2022-02-28;20-24;22;30;2;3
1;2022-03-23 00:30:00;2022-02-28;25-29;35;36;2;2
1;2022-03-23 00:30:00;2022-02-28;30-34;49;57;5;6
1;2022-03-23 00:30:00;2022-02-28;35-39;42;49;2;1
1;2022-03-23 00:30:00;2022-02-28;40-44;38;40;4;4
1;2022-03-23 00:30:00;2022-02-28;45-49;26;23;4;2
1;2022-03-23 00:30:00;2022-02-28;50-54;47;50;4;3
1;2022-03-23 00:30:00;2022-02-28;55-59;77;92;9;6
1;2022-03-23 00:30:00;2022-02-28;60-64;93;106;10;13
1;2022-03-23 00:30:00;2022-02-28;65-69;116;119;13;11
1;2022-03-23 00:30:00;2022-02-28;70-74;119;153;13;16
1;2022-03-23 00:30:00;2022-02-28;75-79;146;170;17;16
1;2022-03-23 00:30:00;2022-02-28;80-84;144;156;1;3
1;2022-03-23 00:30:00;2022-02-28;85-89;106;148;1;1
1;2022-03-23 00:30:00;2022-02-28;90+;69;97;0;0
1;2022-03-23 00:30:00;2022-02-28;Unknown;0;0;0;0
1;2022-03-23 00:30:00;2022-03-07;0-14;112;126;0;0
1;2022-03-23 00:30:00;2022-03-07;15-19;17;19;0;3
1;2022-03-23 00:30:00;2022-03-07;20-24;28;26;2;1
1;2022-03-23 00:30:00;2022-03-07;25-29;55;57;3;3
1;2022-03-23 00:30:00;2022-03-07;30-34;62;65;4;3
1;2022-03-23 00:30:00;2022-03-07;35-39;59;56;2;3
1;2022-03-23 00:30:00;2022-03-07;40-44;38;32;2;3
1;2022-03-23 00:30:00;2022-03-07;45-49;34;41;2;2
1;2022-03-23 00:30:00;2022-03-07;50-54;63;62;2;3
1;2022-03-23 00:30:00;2022-03-07;55-59;87;79;4;3
1;2022-03-23 00:30:00;2022-03-07;60-64;127;131;13;11
1;2022-03-23 00:30:00;2022-03-07;65-69;141;168;22;23
1;2022-03-23 00:30:00;2022-03-07;70-74;180;183;23;22
1;2022-03-23 00:30:00;2022-03-07;75-79;208;227;12;10
1;2022-03-23 00:30:00;2022-03-07;80-84;179;205;7;9
1;2022-03-23 00:30:00;2022-03-07;85-89;178;171;0;0
1;2022-03-23 00:30:00;2022-03-07;90+;103;103;0;0
1;2022-03-23 00:30:00;2022-03-07;Unknown;0;0;0;0
1;2022-03-23 00:30:00;2022-03-14;0-14;104;78;0;0
1;2022-03-23 00:30:00;2022-03-14;15-19;11;6;4;1
1;2022-03-23 00:30:00;2022-03-14;20-24;25;20;2;2
1;2022-03-23 00:30:00;2022-03-14;25-29;43;36;1;2
1;2022-03-23 00:30:00;2022-03-14;30-34;54;51;2;2
1;2022-03-23 00:30:00;2022-03-14;35-39;39;50;1;3
1;2022-03-23 00:30:00;2022-03-14;40-44;36;44;4;7
1;2022-03-23 00:30:00;2022-03-14;45-49;47;38;6;6
1;2022-03-23 00:30:00;2022-03-14;50-54;68;56;9;8
1;2022-03-23 00:30:00;2022-03-14;55-59;90;85;9;9
1;2022-03-23 00:30:00;2022-03-14;60-64;118;96;10;13
1;2022-03-23 00:30:00;2022-03-14;65-69;220;192;20;16
1;2022-03-23 00:30:00;2022-03-14;70-74;208;186;23;23
1;2022-03-23 00:30:00;2022-03-14;75-79;259;223;15;16
1;2022-03-23 00:30:00;2022-03-14;80-84;259;226;11;9
1;2022-03-23 00:30:00;2022-03-14;85-89;217;187;2;4
1;2022-03-23 00:30:00;2022-03-14;90+;125;109;1;3
1;2022-03-23 00:30:00;2022-03-14;Unknown;0;0;0;0
1;2022-03-23 00:30:00;2022-03-21;0-14;22;;0;
1;2022-03-23 00:30:00;2022-03-21;15-19;1;;0;
1;2022-03-23 00:30:00;2022-03-21;20-24;5;;0;
1;2022-03-23 00:30:00;2022-03-21;25-29;8;;1;
1;2022-03-23 00:30:00;2022-03-21;30-34;20;;0;
1;2022-03-23 00:30:00;2022-03-21;35-39;23;;3;
1;2022-03-23 00:30:00;2022-03-21;40-44;16;;4;
1;2022-03-23 00:30:00;2022-03-21;45-49;8;;1;
1;2022-03-23 00:30:00;2022-03-21;50-54;12;;0;
1;2022-03-23 00:30:00;2022-03-21;55-59;31;;1;
1;2022-03-23 00:30:00;2022-03-21;60-64;30;;5;
1;2022-03-23 00:30:00;2022-03-21;65-69;58;;1;
1;2022-03-23 00:30:00;2022-03-21;70-74;75;;5;
1;2022-03-23 00:30:00;2022-03-21;75-79;78;;2;
1;2022-03-23 00:30:00;2022-03-21;80-84;80;;2;
1;2022-03-23 00:30:00;2022-03-21;85-89;63;;3;
1;2022-03-23 00:30:00;2022-03-21;90+;43;;2;
1;2022-03-23 00:30:00;2022-03-21;Unknown;0;;0;
